Date,VAGS.L,VWRL.L
2019-06-21,-0.002404146383893857,0.0013156867752475154
2019-06-24,0.004016515818359823,-0.0024093724531990546
2019-06-25,0.005000464260478177,-0.0038056820899852184
2019-06-26,-0.0018906838482297683,-0.00014683691082395534
2019-06-27,-0.0002991387018402847,0.0010440394297650535
2019-06-28,0.0006981482735333167,0.0021444066946039175
2019-07-01,0.0009966043747613451,0.012692894399909838
2019-07-02,0.002389469144024936,0.005683737239561282
2019-07-03,0.002781144746333064,0.007535795445315019
2019-07-04,0.0022781514510537004,0.0033801733039264814
2019-07-05,-0.004842454209043501,-0.0031535857098060616
2019-07-08,0.0012909920375017148,-0.001725824602869075
2019-07-09,-0.0021818746586906856,0.001656846181259386
2019-07-10,-0.0007951438710588343,0.0009345108067331243
2019-07-11,-0.0002984543036387288,-0.0012932528846790747
2019-07-12,-0.003482524053497471,0.00036008024785694204
2019-07-15,0.0017972910634809214,0.006111743585682117
2019-07-16,0.0012956766252354424,0.007575983283059307
2019-07-17,0.0008959106353711999,-0.005816393342700343
2019-07-18,0.0012928417489841415,-0.009132358157624476
2019-07-19,0.0021852014484486926,0.004751869752375182
2019-07-22,-0.0002973598691616841,-0.003009871292827926
2019-07-23,-0.0006939196100391731,0.006325429905999824
2019-07-24,0.0018848690717230276,-0.000999851848992206
2019-07-25,-0.0004950570839015178,0.0
2019-07-26,-0.0007925443205312188,0.009366443876400732
2019-07-29,0.0019828564759172274,0.012892460053120613
2019-07-30,-0.0004947141999258609,0.0006992117293960209
2019-07-31,0.00108903117825343,-0.004822190799803283
2019-08-01,0.0021756172669666896,0.005618068336122883
2019-08-02,0.0033550183585311366,-0.027234866267654256
2019-08-05,0.0034421845406258367,-0.019813014677803165
2019-08-06,0.0014701828126342242,-0.00424791352005538
2019-08-07,0.005284753541090481,0.0019121509114443658
2019-08-08,-0.005549062983217223,0.019967672626895805
2019-08-09,0.0014684557379882612,-0.0022306905618154627
2019-08-12,0.0008797216673770425,-0.0017316109423988202
2019-08-13,0.0015627162003473138,0.008093163940393389
2019-08-14,0.003022931196855927,-0.02057206624056107
2019-08-15,0.003208258264381092,-0.007830838173263244
2019-08-16,0.0005813733123540832,0.010548343050920339
2019-08-19,-0.002808733679873998,0.012554470823302077
2019-08-20,0.0012626544214835445,-0.004613487950403061
2019-08-21,0.0004850467431964933,0.005793959023202344
2019-08-22,-0.0023269175140542275,-0.01180886867957831
2019-08-23,0.0013605344011915488,-0.012168698033789394
2019-08-27,0.003590849777002747,-0.002360404613482081
2019-08-28,0.001643892720197604,0.006506423317131249
2019-08-29,-0.00125509649722777,0.014030773516136907
2019-08-30,0.00048335882071404157,0.0
2019-09-02,-0.00028981601748567787,0.010069463550487212
2019-09-03,0.0023194961731198838,-0.004805212853773222
2019-09-04,-0.0022177434383023886,0.0030267901678806552
2019-09-05,-0.004735217543448855,0.001652492557076446
2019-09-06,0.0014564787964095327,0.005380162016972223
2019-09-09,-0.0021330819308577054,-0.003710250487677036
2019-09-10,-0.0037893610828140245,-0.004726313898230972
2019-09-11,-0.002145698152533182,0.010289221065181042
2019-09-12,0.0011729723061379982,0.007549179346483692
2019-09-13,-0.004686168044179206,-0.006291220944109832
2019-09-16,-0.0002942973212262112,-0.00384100658386366
2019-09-17,0.0005887679152727365,-0.0044988993511890785
2019-09-18,0.002353385671321817,-0.0002869158835642205
2019-09-19,-0.00039131004177495043,0.006170828905565973
2019-09-20,0.00019565670577770256,-0.0032804810042811328
2019-09-23,0.004892407990249037,-0.0018600886648159065
2019-09-24,0.00029214812416689107,-0.0022936814136644834
2019-09-25,-0.0012654812841017549,0.00035933413125466274
2019-09-26,0.00048736324473952486,0.0019804339468920684
2019-09-27,-0.0002922158514013784,0.007994434191253008
2019-09-30,9.73343079195832e-05,-0.0013573813064249318
2019-10-01,0.0008769676117119651,-0.0020752602968129308
2019-10-02,0.0010709018704568862,-0.026026755653474565
2019-10-03,0.002917415590335537,-0.005668244211393003
2019-10-04,-0.0005817858070832349,0.01836080363775383
2019-10-07,0.0006791823553384813,0.004216773840200583
2019-10-08,-0.00019390979283784304,-0.004778174897857701
2019-10-09,-0.0007757896045529344,0.003855185007841433
2019-10-10,-0.0036878616263390507,0.00028973441995105986
2019-10-11,-0.00428603615727452,-0.010721677767784765
2019-10-14,0.002054415158090128,0.001318516547121673
2019-10-15,-0.0006834259712031887,-0.002632878238393088
2019-10-16,-0.0017584867905989787,-0.007625812058163706
2019-10-17,-0.00058719483789893,0.00036933318498166834
2019-10-18,-0.0002938073945625286,-0.0034712146469129124
2019-10-21,-0.001077435453211928,-0.004076757608511783
2019-10-22,0.001372808308270912,0.004911882167357495
2019-10-23,0.001175079676517976,0.0028144320122982514
2019-10-24,0.0005868502424659638,0.007532643428376229
2019-10-25,-0.001466302537613151,0.0034447528722338916
2019-10-28,-0.0025452583408368534,0.0024106775521555157
2019-10-29,0.0004907593315637282,-0.0012385123558824596
2019-10-30,0.000490443521771855,-0.0012405433483305695
2019-10-31,0.004902406280363314,-0.006428383824223727
2019-11-01,-9.745777837788516e-05,0.009116859940912159
2019-11-04,-0.0023419780957791847,0.010418947897657738
2019-11-05,-0.00410802656015774,0.00187468147390768
2019-11-06,0.0005892709833166254,-7.174511348606583e-05
2019-11-07,-0.003239044147659409,0.009429266668974812
2019-11-08,0.0,-0.0016401036062497765
2019-11-11,-0.001378621292783655,-0.006713706644103423
2019-11-12,-0.0005917288384483799,0.005536288570478609
2019-11-13,0.0030587989009076555,-0.004933841137922945
2019-11-14,0.0021639854012676096,-0.0026592808187253514
2019-11-15,-0.0001962328550746406,0.006485044742016166
2019-11-18,0.001178079072865712,-0.0043666894285677715
2019-11-19,-0.001274788098845514,0.002444373125657817
2019-11-20,0.0017672921765250482,-0.0005019831957032705
2019-11-21,-0.00029399155233766905,-0.0038751085873044433
2019-11-22,0.00029407800878789025,0.0072041159042046665
2019-11-25,-0.0009800968694287926,0.0025038851454575184
2019-11-26,0.003629953631568039,0.0056370887936672
2019-11-27,-0.0007820080683300645,-0.0007811871263395664
2019-11-28,-0.0010761400536527521,-0.0009227600223347121
2019-11-29,-0.00029376122077540145,-0.0049751939733544415
2019-12-02,-0.002547078590083629,-0.00928545527526714
2019-12-03,0.003437451655198265,-0.014131266630848294
2019-12-04,-0.0007830031090887424,0.004095395351140008
2019-12-05,-0.0014692437949059833,-0.003568746929087041
2019-12-06,-0.0006867110303315771,0.012352636414118434
2019-12-09,0.002061473644476175,-0.004259885022000476
2019-12-10,-0.001763310191433498,-0.003045580733726072
2019-12-11,0.0011775415183472582,0.0013092891594634892
2019-12-12,-0.0019603859492018927,0.011902470851887337
2019-12-13,0.0018660623663540044,-0.013827766647973028
2019-12-16,-0.0008822976384076364,0.013510533562548499
2019-12-17,0.0007849988543808806,0.013834861956024458
2019-12-18,-0.0010784611233224384,0.004548469794638965
2019-12-19,-0.001570309668912806,0.005377752552788717
2019-12-20,0.0009829871372766252,0.003306945132226069
2019-12-23,-0.00039280872898261876,0.009609382988197801
2019-12-24,0.0001964815441568568,-0.0013196392563071813
2019-12-27,0.0015715435739473982,-0.004661310312657929
2019-12-30,-0.002157481837460229,-0.008386794117601903
2019-12-31,0.0013759114915277149,-0.005356508994582065
2020-01-02,0.0011777322516846045,0.010912358755597928
2020-01-03,0.0023526936601674375,0.0009113618778795463
2020-01-06,0.0013691833660727237,-0.00735348197382224
2020-01-07,-0.001660269160952632,0.006420165113481646
2020-01-08,-0.0010761400536527521,0.0030144149424502498
2020-01-09,-0.0014690309785037048,0.007338400529610212
2020-01-10,0.0014711922054289062,0.0028451244624618788
2020-01-13,0.0007835381578884526,0.006572326006464513
2020-01-14,-0.0004893185791261523,0.0007561253417529556
2020-01-15,0.0026434490370588204,-0.00020616578563215082
2020-01-16,-0.00039058403973168954,-0.00048061055314829737
2020-01-17,-0.0004884582029538453,0.007284803311705446
2020-01-20,9.776930393945449e-05,0.0020473463999797215
2020-01-21,0.001074908424100185,-0.005923941537638422
2020-01-22,0.0017571882358198287,-0.006096513476354093
2020-01-23,0.0022412249951520025,-0.0064780810278776135
2020-01-24,0.0005833696559518486,0.007075078820537817
2020-01-27,0.00417834114077742,-0.022385654357109708
2020-01-28,9.680429541480962e-05,0.01486637456681894
2020-01-29,0.00029031071689411547,0.0017352853845882255
2020-01-30,0.0023215895762500605,-0.018157640002573805
2020-01-31,0.00028948036907228136,-0.013482030008160284
2020-02-03,0.0,0.01881786802946883
2020-02-04,-0.0017366011001354043,0.014748397876329422
2020-02-05,-0.0016430134424404441,0.009343230406580583
2020-02-06,-0.0010648149314453903,0.009119679471896847
2020-02-07,0.0032947949138513177,-0.0025141299873805423
2020-02-10,0.002608032017054729,-0.000817921936839161
2020-02-11,-0.002312195757894653,0.006272716634182496
2020-02-12,-0.000386246748110608,0.0018971473013773554
2020-02-13,0.00048303195900034623,-0.008250309712537152
2020-02-14,0.0008690081925768478,0.0011590987580507583
2020-02-17,-0.0006753904538761013,0.004018632375012876
2020-02-18,0.0025099507689079203,-0.009971667501414982
2020-02-19,-0.00048142333856615593,0.014936607451467632
2020-02-20,0.0012523625586657872,-0.004185437449624296
2020-02-21,0.0025016658624572585,-0.010236721754346423
2020-02-24,0.0018235417230945128,-0.030000072973854874
2020-02-25,0.0009581044520106108,-0.019841641588246084
2020-02-26,-0.0010527888905901284,0.006411614516586228
2020-02-27,0.001532923160457278,-0.030493965402447754
2020-02-28,0.0022959751897606573,-0.03167466380880979
2020-03-02,0.002386198780885751,0.02752567738291689
2020-03-03,0.0014283256107208153,0.005342728557601983
2020-03-04,0.003518124699293468,0.009743718186183026
2020-03-05,-0.0008527873869561553,-0.008260561586902027
2020-03-06,0.0060691837297739415,-0.04282453682648646
2020-03-09,0.001508214883213066,-0.06329885895570464
2020-03-10,-0.006400026164014028,0.00550788352933318
2020-03-11,-0.0033152758692766016,0.0017170653495561794
2020-03-12,-0.021859022984642817,-0.07892587755673319
2020-03-13,-0.004372259622027697,0.027204277887664885
2020-03-16,-0.0024397582217006164,-0.021652924573066223
2020-03-17,-0.007337100722051626,0.020016025644610247
2020-03-18,-0.009756545731432031,-0.02247594843923706
2020-03-19,-0.00696666244407762,0.01865944686794352
2020-03-20,0.004109125637160815,-0.01093845646437508
2020-03-23,0.005888730548197385,-0.024664475393674667
2020-03-24,0.0017861318610061794,0.0596655097147738
2020-03-25,0.0016837851490150157,0.027261032587800216
2020-03-26,0.006031834907080924,0.004181014071723332
2020-03-27,0.005897343344247297,-0.04371236325746164
2020-03-30,0.006058268994203475,0.019132671074510554
2020-03-31,-0.0048562201991998455,0.00849466122927578
2020-04-01,0.0022447997029841904,-0.0420317596936165
2020-04-02,0.007693038707059063,0.00835313628737877
2020-04-03,-0.006764617623731262,-0.001482220901433795
2020-04-06,9.733173283321683e-05,0.04156834472466531
2020-04-07,-0.0007782802330075222,0.032531231085888956
2020-04-08,-0.00038944321245792946,-0.011530619337639214
2020-04-09,0.006720549947621723,0.0223443245962609
2020-04-14,0.002515535859122897,-0.0016872053336526305
2020-04-15,0.0038601568275964393,-0.015775916511153176
2020-04-16,0.0018265955669884981,0.013738821288461489
2020-04-17,0.001055590051482369,0.010164739489546326
2020-04-20,-0.002013059020627761,0.010860682295412483
2020-04-21,0.0009605156392016312,-0.027097374203052138
2020-04-22,-0.001151512721064618,0.017620838566413166
2020-04-23,0.0014410135228939414,0.009734976900339198
2020-04-24,0.004221071758807371,-0.010273398442091852
2020-04-27,0.0005731712845500336,0.017805829624442993
2020-04-28,-0.002959725099692112,0.005413021781248251
2020-04-29,-0.0009574991038104885,0.020755338672990398
2020-04-30,0.005367544841235805,-0.02201498171106664
2020-05-01,-0.0037181907120830138,-0.02157261145303746
2020-05-04,0.000287042657146408,0.00023960450948190548
2020-05-05,-0.0007653250632535524,0.020445517336139307
2020-05-06,-0.001053164586644617,0.0010175685560653847
2020-05-07,0.0011501514291469839,0.011727879945093278
2020-05-11,-0.0026804326002211054,0.010819231063648793
2020-05-12,-0.0010558939815439317,0.005198712472011202
2020-05-13,0.0019217696343187818,-0.01650426847651143
2020-05-14,0.0010549092331020304,-0.015234754824575258
2020-05-15,0.0025867940267547684,0.014292477966390438
2020-05-18,-0.0019111917166431125,0.03437603065658523
2020-05-19,-0.0006702089694858859,-0.0008984552360334908
2020-05-20,0.002107741800749574,0.006667839646034901
2020-05-21,0.0016251907641748886,-0.010195649511610005
2020-05-22,0.0004772689782177597,-0.00015040753233841464
2020-05-26,-0.0006677701973831773,0.015490828502790599
2020-05-27,0.002863941201047604,0.0048134981939185195
2020-05-28,0.0,0.011423298342999821
2020-05-29,-0.0013326891504560345,-0.013334440273336523
2020-06-01,-0.0009532640868370468,0.004726262114112645
2020-06-02,0.0014311874722678919,0.005218932684044164
2020-06-03,-0.0015243064270848983,0.016817564678613506
2020-06-04,-0.0018130005078066391,-0.001438590953644736
2020-06-05,-0.00047799891639921377,0.018004145472676703
2020-06-08,0.002486592720137182,0.0009197419012210162
2020-06-09,0.001049447050496699,-0.0047354502071113025
2020-06-10,0.0010483468659703288,-0.004828799969045283
2020-06-11,0.005426501476473833,-0.026638065780039133
2020-06-12,-0.002083193518850446,-0.005448460861895654
2020-06-15,-0.0007590798720226166,-0.004293716115412294
2020-06-16,-0.0018041478757309104,0.027360827601867976
2020-06-17,0.0009512869022318959,0.007019660296017749
2020-06-18,0.0006652315995265834,0.005389975215295717
2020-06-19,9.501144826162822e-05,0.010579066087459621
2020-06-22,0.0028489823474306952,-0.012095263136700285
2020-06-23,-0.002462176025798568,0.009092775006599885
2020-06-24,0.001234199309746442,-0.02064706783205761
2020-06-25,0.0022754395851014575,0.00144897339616179
2020-06-26,9.463395773412486e-05,0.0003617797966970482
2020-06-29,0.00047290781910214186,0.009111882671946958
2020-06-30,0.0006618448334962945,-0.0012898322792033179
2020-07-01,-0.001795113499003298,-0.002080863749504336
2020-07-02,0.0017037264787653772,0.014381192477593174
2020-07-03,0.0003779619404042922,-0.003048087832029589
2020-07-06,-0.0004723100719599138,0.01855780254358086
2020-07-07,0.0007559953425131383,-0.008935437864042162
2020-07-08,0.001227600536400253,-0.008593159158385544
2020-07-09,0.0005658013303910803,-0.0073891358959997655
2020-07-10,0.0011311791989427888,0.006442272709594077
2020-07-13,-0.002542079248590956,0.022046628400540724
2020-07-14,0.0030205558623297435,-0.012038400957507078
2020-07-15,-0.00047057657479465664,0.013170705070392419
2020-07-16,0.0016947435205985073,-0.007577197655635359
2020-07-17,-0.00018791430445841417,0.008966107758443753
2020-07-20,0.0013161510536439103,-0.002429670061268374
2020-07-21,0.0004694001680987103,0.0036188871554909685
2020-07-22,0.0020645497352278497,-0.0029820677659282424
2020-07-23,0.0009364982506154806,0.0020868895609287286
2020-07-24,-0.0011227464506516904,-0.019155937056258066
2020-07-27,0.0012177116427285473,-0.001274119008853214
2020-07-28,-0.001122712979812257,-0.0012042040602676662
2020-07-29,0.000562023283821711,7.079516511776518e-05
2020-07-30,0.001778478001696504,-0.015321198444041895
2020-07-31,-0.001121277721639169,-0.00691558777972745
2020-08-03,0.0,0.020600697807887203
2020-08-04,0.0021515638933926606,0.0012793767209848816
2020-08-05,-0.0003734469034878396,0.0056786420609609145
2020-08-06,0.002054403674026206,-0.0036703460738642946
2020-08-07,-0.0007454983369652446,0.00701364175563457
2020-08-10,-0.0005595408895265885,-0.0013368868994154681
2020-08-11,-0.0028926154887554123,0.011552440168270506
2020-08-12,-0.002058753735936447,0.007799116458510946
2020-08-13,-0.0015941729823027995,-0.002072756363306505
2020-08-14,-0.0009391531015811028,-0.006646968167181577
2020-08-17,0.0011280575183409969,0.005715649028708469
2020-08-18,0.0003756194378530253,-0.009425945449590745
2020-08-19,0.0006571231255896315,0.005807308566840419
2020-08-20,0.0002813879700360733,-0.00723452133820357
2020-08-21,0.00028138059388393977,0.006516346542068785
2020-08-24,-0.00028130144111737643,0.01287942100951689
2020-08-25,-0.0030947558481403403,-0.0005500320880824638
2020-08-26,-0.00037629079948831023,0.0019944022234492653
2020-08-27,-0.0020703784615524468,0.003020299446370389
2020-08-28,0.0010373008207027468,-0.00882725264007489
2020-09-01,0.0006594755042632627,-0.005039556134336487
2020-09-02,0.0033891678207327303,0.01651385868172861
2020-09-03,0.0022518134401721124,-0.01597263290867812
2020-09-04,-0.0031829017393285586,-0.019769643004618698
2020-09-07,-0.00037565470015477054,0.021937658424457274
2020-09-08,0.0014091985567021847,-0.006371106980562535
2020-09-09,-0.001501068175451814,0.011987076890401571
2020-09-10,-0.0016912403644714358,0.013497905409955768
2020-09-11,0.0028235812109529412,-0.0038729463337685566
2020-09-14,0.0014077436893615847,0.004570024227638969
2020-09-15,-0.00028119598678810753,0.008351670692301028
2020-09-16,0.0004687678824040198,-0.008013225475480779
2020-09-17,0.0014055730058837312,-0.009503624701967417
2020-09-18,-0.0007485676446030709,-0.00445472509915168
2020-09-21,0.0009364105223730324,-0.019895670842568824
2020-09-22,-0.001122712979812257,0.013837026861093449
2020-09-23,-0.0001872455124161121,0.0019401603683382174
2020-09-24,-0.0005620568397993742,-0.013306810642576994
2020-09-25,0.0004686082342615361,0.006408812134286679
2020-09-28,0.0008432001276954537,0.010916806023284042
2020-09-29,-0.0003744239631335855,-0.002076484000357981
2020-09-30,-0.00046824109779275425,0.003121496089721454
2020-10-01,-0.0006558302889618783,0.004840563625914118
2020-10-02,0.0009374640109611754,-0.007707523908781155
2020-10-05,-0.0026224407868326027,0.007836725430455438
2020-10-06,-0.001408608829514879,0.0036469397271750026
2020-10-07,0.000846371879638097,0.00438836899999373
2020-10-08,0.0017852341203230537,0.005802238659547765
2020-10-09,-0.000375161441099503,0.0033936118132837922
2020-10-12,0.0006568148272678709,0.007305134793977208
2020-10-13,0.0013126956421389835,0.003962018063651707
2020-10-14,0.0010300157380040975,-0.005618504700977245
2020-10-15,0.0014032062955977587,-0.00773517802464363
2020-10-16,-0.00037365448457238326,0.010438923397783517
2020-10-19,-0.001308279540520707,-0.008318674109383029
2020-10-20,0.00018714191115076773,-0.0024351869866060527
2020-10-21,-0.001309748269261224,-0.015597524698886756
2020-10-22,-0.002060946779333328,0.0024112839872010294
2020-10-23,-0.0007509568017344259,0.006116251723498722
2020-10-26,0.0019727790004337997,-0.013797838835943321
2020-10-27,0.0011250622433258695,-0.002077980709608629
2020-10-28,0.0002809136352210917,-0.021029966334522032
2020-10-29,-0.0009362352493682558,0.004183082725596643
2020-10-30,-0.0009370408802733543,-0.010025646126277432
2020-11-02,0.0005627231319627057,0.015618490414206043
2020-11-03,-0.0006561889307492574,0.008707356377058328
2020-11-04,0.0034709303035243,0.028124076418817978
2020-11-05,0.0015891834208887623,0.008598908887712753
2020-11-06,-0.0014932910490192963,-0.006041710430560676
2020-11-09,-0.004860758051884795,0.031135814125695438
2020-11-10,0.0011271758149107303,-0.01873306035637179
2020-11-11,-0.0010321170672966673,0.009144666691802916
2020-11-12,0.0019724084237662254,0.00251354172533258
2020-11-13,0.001406100026101642,-0.0022431692670419334
2020-11-16,-0.000748847926267282,0.014349708092694202
2020-11-17,0.002810284198996982,-0.006127925953476776
2020-11-18,-0.00037365448457238326,-0.00026241942843718835
2020-11-19,0.001214795238981159,-0.004724133640987227
2020-11-20,0.0014000630521302515,-0.0015161697310438482
2020-11-23,-0.0005592279786059695,-0.00013223236504844582
2020-11-24,0.00046624838504749633,0.01188631309745558
2020-11-25,-0.0007457068347612728,-0.0024801862368691863
2020-11-26,0.0012127136082389356,0.004971833687955618
2020-11-27,-0.0008385650048332582,0.006509328077337173
2020-11-30,0.00018656761691482338,-0.01655634348760615
2020-12-01,-0.0014917630134112514,0.011771772903730326
2020-12-02,-0.000466814338746957,0.006304652906190089
2020-12-03,0.0009341362114310137,-0.004973464524083426
2020-12-04,-0.0013999323392227536,0.005582824076577841
2020-12-07,0.00037382910158689775,0.009230927096101738
2020-12-08,0.0028961286464035396,-0.0005757259160964479
2020-12-09,-0.001117830834933664,-0.0017281727021013493
2020-12-10,0.0,0.005000678856602603
2020-12-11,0.0027044119431536284,-0.0014669208861856076
2020-12-14,0.0,-0.0007028699511759662
2020-12-15,-0.0009300529030321636,-0.008438774068897148
2020-12-16,-0.00130328618934894,0.003610456961081976
2020-12-17,0.00018649805454140633,-0.0016089487134886005
2020-12-18,-0.00037278389390971167,0.004195090132038892
2020-12-21,0.0004661179623823841,-0.001799551622842177
2020-12-22,0.0004659721235547032,0.006116242949923745
2020-12-23,-0.0017697695499685473,-0.006079061930250762
2020-12-24,0.0007464722010881442,-0.006052067482215651
2020-12-29,0.0008391191375756168,0.016906343674834234
2020-12-30,0.001211131917401076,-0.004204175476733019
2020-12-31,0.00037226544784085824,-0.005629233588114624
2021-01-04,-0.0002790773900824828,0.0018657310581489117
2021-01-05,-9.30755030331687e-05,0.0011555633875532934
2021-01-06,-0.0035359163869156385,0.016867755632343107
2021-01-07,-0.0005602009461807,0.0067486794820466045
2021-01-08,-0.000934310766134816,0.005513102817062299
2021-01-11,-0.001122293002293051,0.002679074547063287
2021-01-12,-0.0019660581937747112,-0.009631719857067012
2021-01-13,0.0035647741608442196,0.0015060843765817289
2021-01-14,-0.000280531540373552,0.0008770632504462306
2021-01-15,-0.0003739323158891139,-0.005320471999124887
2021-01-18,-9.357174296598103e-05,0.0016359898104252313
2021-01-19,0.0012161168961488666,0.0006913602512943484
2021-01-20,0.0005605149471843429,0.0099194429216658
2021-01-21,-0.0014005738378868315,-0.00198918891676525
2021-01-22,-0.0011221880168441611,-0.0013702996198096118
2021-01-25,0.00243405533610197,-0.003618007991015415
2021-01-26,-9.342318637683977e-05,0.0008140047504929804
2021-01-27,-0.0001867923443875652,-0.014574494063855803
2021-01-28,-0.0008407583398558627,0.00012685864256400947
2021-01-29,-0.0018698445102280914,-0.01662839423761564
2021-02-01,0.0005620042135618952,0.01110074398820049
2021-02-02,-0.00243398368301595,0.018958596389425653
2021-02-03,0.0008446244420048377,0.0006264047665458516
2021-02-04,-0.0015002953583136414,0.0035685528031617064
2021-02-05,0.0005635010319111622,0.0026826244389004383
2021-02-08,-0.0011262955200030955,0.00541280646713016
2021-02-09,9.399375585172898e-05,-0.0012378452712943355
2021-02-10,0.0002818109477835673,-0.0034078045187480033
2021-02-11,0.0012210284315949949,0.008517348984811157
2021-02-12,-0.0022513909641361796,-0.0004928976349003467
2021-02-15,-0.0028206609166328,0.00536553068415091
2021-02-16,-0.0022628539064972752,-0.004478275593826075
2021-02-17,-0.0007559953425132493,-0.004067128452117208
2021-02-18,0.0012294580612564054,-0.012065265791911473
2021-02-19,-0.0018891679917929505,0.004822285643534929
2021-02-22,-0.0016087343628267137,-0.013712058472752586
2021-02-23,-0.0015166493345678544,-0.010363949773719683
2021-02-24,-0.0023732142855845684,0.006832608154849984
2021-02-25,-0.004567480792392997,-0.0040589740277501285
2021-02-26,-0.0005735547995795454,-0.008278938277343939
2021-03-01,0.004973660930120971,0.017337767989994424
2021-03-02,0.0007613917004807291,-0.003976692246446256
2021-03-03,-0.002472640378699986,-0.002978214261086687
2021-03-04,0.0018114449549937461,-0.009343471354192001
2021-03-05,-0.0036163391107497667,-0.008854204971929902
2021-03-08,-0.001719185391083844,0.02291585764659332
2021-03-09,0.0018178574765759237,0.0022148067087817136
2021-03-10,-0.0005730070480086669,0.0017048223646847216
2021-03-11,0.0015288217233551116,0.008699148934833367
2021-03-12,-0.004007222684241141,-0.002812314426075657
2021-03-15,0.001341115041362917,0.004324016045073931
2021-03-16,0.00019140448864751747,0.006489456938956639
2021-03-17,-0.0022956090227237436,-0.0044017473509490035
2021-03-18,-0.002588383101831737,0.001093560623458778
2021-03-19,0.0017300913328139877,-0.00411784078364319
2021-03-22,0.0011513287502953329,0.005011979483901641
2021-03-23,0.001437634269304322,0.001371415662737574
2021-03-24,0.0022969273606336937,-0.0009960928538766955
2021-03-25,0.0011457952464333232,-0.008723599822235695
2021-03-26,-0.0009537365851821633,0.0067888574239989286
2021-03-29,-0.002768513028868269,0.0016233856888490106
2021-03-30,-0.0015316757715548857,0.006732460478491298
2021-03-31,0.0014381121213764558,-0.0009908910224986078
2021-04-01,0.0006702089694858859,0.0048345381524455
2021-04-06,0.0016265079121908776,0.01295348750726899
2021-04-07,0.0012417158928594851,0.0028008952859917002
2021-04-08,0.0,0.008562062152418504
2021-04-09,-0.0012401759466764695,0.0006623489994861398
2021-04-12,9.54828636408056e-05,0.0001804757704053639
2021-04-13,-0.00019102059900932833,0.003549280972189317
2021-04-14,0.0006687363909292365,0.0007196172446424232
2021-04-15,0.0022911529608380388,0.004372737745167887
2021-04-16,-0.0004761959611991884,0.0017295670017305476
2021-04-19,-0.0012389035856433805,-0.013455871360710137
2021-04-20,0.000381713282862739,-0.009535106460178855
2021-04-21,0.0,0.007311834033790543
2021-04-22,0.00019074731703638825,0.011492709782478627
2021-04-23,-0.00019071093943634487,0.0015550448229288971
2021-04-26,0.0002860844758767467,0.0011344091380902643
2021-04-27,-0.00019069276279737313,-0.0038766838187740404
2021-04-28,-0.0022887496015527864,0.0023950580408877986
2021-04-29,-0.0009558333304678923,-0.0030463235475972628
2021-04-30,-0.00019134956438504602,0.003534721110692862
2021-05-04,0.002870866034577091,-0.015223950611277792
2021-05-05,-0.00038174966380544184,0.008790638768477077
2021-05-06,-0.0009544829134114918,0.001562409173831325
2021-05-07,0.001337655134647564,0.008100385187929549
2021-05-10,-0.00038174966380544184,-0.011844493275248946
2021-05-11,-0.0035318936403265777,-0.018672407182921402
2021-05-12,-0.002778060674769045,-0.009329791713642788
2021-05-13,0.0009606079424080427,0.005328185415352182
2021-05-14,0.0004798797575435998,0.009737867933732325
2021-05-17,0.0007674540173681077,-0.004577692385298926
2021-05-18,-0.0007668654833721256,0.0022072102676000682
2021-05-19,0.00038369029893492446,-0.012909187395558352
2021-05-20,0.0005753147057308006,0.015247571181988828
2021-05-21,0.000766645212043171,0.0004881853187062024
2021-05-24,0.0006703373242078481,0.007261194712423924
2021-05-25,0.0012439735873879254,0.002544760319237893
2021-05-26,0.0024850023851488157,0.0011477499926688672
2021-05-27,-0.002288094908507232,-0.001569099300413268
2021-05-28,0.0005733355733330558,0.00386873785668973
2021-06-01,-0.0001910023493362223,0.003252200698694141
2021-06-02,0.0005731165146094508,0.0014404387189210777
2021-06-03,0.00028635758558248625,0.0
2021-06-04,0.0003817495099383006,0.0012586826668308237
2021-06-07,0.0007632806859756425,-0.00029952679525468984
2021-06-08,0.0013345947446254947,0.0017966082733438249
2021-06-09,0.002379992093896721,0.003765863647402057
2021-06-10,9.501144826162822e-05,-0.0007740376260400028
2021-06-11,0.001424454830019073,0.0027410392101858694
2021-06-14,-0.0015172959324434299,0.0021396866845870832
2021-06-15,-0.0007598008088985919,0.00160116675659161
2021-06-16,0.0007603785451322231,0.00017750315239717374
2021-06-17,-0.0008548122571601091,0.004302756046488554
2021-06-18,0.0017110144161167629,-0.004620854179490874
2021-06-21,-0.0004744336412092487,0.0004168560909785235
2021-06-22,-0.0011392684048200374,0.0036882764692589554
2021-06-23,0.0,-0.000829618625499795
2021-06-24,0.0006653676017776,0.009016358904776256
2021-06-25,-0.0007599456514904013,0.0035273826570707545
2021-06-28,0.00047531816050061515,-0.0002343258276013005
2021-06-29,-0.0001899496698825054,0.005800802824080353
2021-06-30,0.00190051219782017,-0.0016892921785118808
2021-07-01,-9.481268614064398e-05,0.0035014458876765353
2021-07-02,0.00189715957529768,0.002907562662781915
2021-07-05,0.0,-0.0009279290592022482
2021-07-06,0.0025563519214526487,-0.002205280582855962
2021-07-07,0.001888666612503087,0.005002302184453411
2021-07-08,0.0023565090997554883,-0.010649322206597756
2021-07-09,-0.0018807464252862394,0.0074294719355645356
2021-07-12,-0.0010363236075685567,0.0001741794639924521
2021-07-13,9.434834636645739e-05,0.004993008677889543
2021-07-14,-0.0003772856022414839,-0.0034661545079431866
2021-07-15,0.0013207452755250593,-0.004115954108831477
2021-07-16,0.0005652870892582929,0.0019209461995954857
2021-07-19,0.0033898783932027055,-0.01382741011374311
2021-07-20,0.0014076116327892407,0.01561220006553965
2021-07-21,-0.0022490702573368937,0.0028422787676039007
2021-07-22,0.0011270699882570678,-0.0009255792878445357
2021-07-23,-0.00037519523616225126,0.006600325307267951
2021-07-26,9.38160564527557e-05,-0.004831592886185954
2021-07-27,0.001876863395661843,-0.014796049585926618
2021-07-28,-0.0007493389514158233,0.008095576356481171
2021-07-29,0.0001874752203390173,0.0009896859360822852
2021-07-30,0.000937272133513467,-0.0018021705572529578
2021-08-02,0.0018725739546312514,0.005998819356789475
2021-08-03,9.349304167138861e-05,-0.004573712094770643
2021-08-04,-0.0003737941544345036,0.003315277450678389
2021-08-05,0.00028041467025952116,0.0023764717166905314
2021-08-06,-0.0035513764650759727,0.002313460838482495
2021-08-09,-0.001125484323298398,0.001961517812365532
2021-08-10,-0.000751168310356376,0.001670024050548058
2021-08-11,-0.00028193583183622195,0.00045970603637046636
2021-08-12,0.0015979190721004954,0.003160589361748345
2021-08-13,-0.0002815654233063736,0.0014890307064319153
2021-08-16,0.0022528704052033888,-0.004689887515470947
2021-08-17,-0.0004682571543269676,0.0031029044257515626
2021-08-18,-0.00037480990553873106,-0.0005155038247363075
2021-08-19,0.0009373761016948645,-0.00636210434040041
2021-08-20,0.0002809136352210917,0.008075754104329702
2021-08-23,-0.0007489165396974418,0.003948049537723319
2021-08-24,0.0006558917126080477,0.005186847011919848
2021-08-25,-0.003651694794453708,0.0013610199912192922
2021-08-26,-9.401141530196444e-05,-0.0036239559615438566
2021-08-27,0.0011277394998727708,0.0032392547016679707
2021-08-31,0.0002817430300934287,0.0057213470046160175
2021-09-01,-0.0006569997337807498,0.002027589776684824
2021-09-02,0.0011269641004643116,0.00033730959054256715
2021-09-03,-0.0015009273094240827,-0.0028661184293693465
2021-09-06,-0.0004697807914954,0.008735265415929616
2021-09-07,-0.0011279174828864313,-0.0039666759445254884
2021-09-08,-0.0003763250151700426,-0.0030847943607544837
2021-09-09,0.0021650617297293007,-0.005738683095137254
2021-09-10,-0.00018786263581849205,-0.003961244249434448
2021-09-13,0.00016539045162100585,-0.002044912036011426
2021-09-14,0.0018072749124187215,-0.0012524480861253462
2021-09-15,-0.0007501835628056508,-0.002735938273985883
2021-09-16,-0.0017828888919213526,0.0022745228292064823
2021-09-17,-0.0015039594504385745,-0.002060808464361741
2021-09-20,0.0013180097080627284,-0.012504247475436214
2021-09-21,0.0008461407046067571,0.007202559087240212
2021-09-22,0.0004697366771087008,0.0070357212724538876
2021-09-23,-0.003286397291999421,0.0026343837049400687
2021-09-24,-0.0031088220387397447,-0.00034267573291246745
2021-09-27,-0.001228456266479494,-0.0006857740259194056
2021-09-28,-0.0017977335406066386,-0.008233151943198846
2021-09-29,0.0,0.009224119660632413
2021-09-30,-0.0014218270107084763,-0.006854953491044036
2021-10-01,0.0018984928592373773,-0.010007991433998664
2021-10-04,-0.00018955480508742184,-0.013711518749883744
2021-10-05,-0.0023689414098603256,0.013195308811796425
2021-10-06,-0.0013298503642075188,-0.008023439708265578
2021-10-07,0.0002853682039689609,0.01969300506654137
2021-10-08,-0.00275745695644547,-0.0035638425929727102
2021-10-11,-0.001525542102378541,0.0034613251421808933
2021-10-12,0.0004774237477822574,-0.0073583308242716194
2021-10-13,0.0025771648162540295,-0.0028954159701336524
2021-10-14,0.002094425104245845,0.013242050411776285
2021-10-15,-0.00047504718840851723,0.00332468078085868
2021-10-18,-0.001710851726547502,0.0039987967026953175
2021-10-19,-0.0012376962758634535,0.0014797254351610611
2021-10-20,-0.0002860210704134225,0.002954425130665461
2021-10-21,-0.001621079477926446,-0.002605934938689436
2021-10-22,0.0,0.0038622273900130732
2021-10-25,0.0014326910445405794,0.00441322296544433
2021-10-26,0.00019074731703638825,0.004056143748091712
2021-10-27,0.005053876387781431,-0.0013464938514228253
2021-10-28,-0.0017077676085349713,-0.002472100318568815
2021-10-29,-0.0017106890679133846,0.005631955217333173
2021-11-01,-0.0013328159754291136,0.0071685850111202765
2021-11-02,0.003145866951753895,0.005893793216281029
2021-11-03,-0.00019013122909805613,-0.004090454157769208
2021-11-04,0.0024713030212535347,0.018095087589596437
2021-11-05,0.004266549006132658,0.006869252180965457
2021-11-08,-0.0009441020072410433,-0.0036817794591699204
2021-11-09,0.002835054864633202,-0.002934748951716082
2021-11-10,-0.003957827221086507,0.003924456406851906
2021-11-11,-0.0021759179203412193,0.004560693895147683
2021-11-12,-0.0010429793563092593,0.0028103929429665886
2021-11-15,-0.0013287679681706077,-0.00010769720889891587
2021-11-16,-0.0007603789950630935,0.0025873125041431244
2021-11-17,-0.0007608848132356627,-0.007311830273025288
2021-11-18,0.002189246001092604,-0.002382932663855808
2021-11-19,0.003419176334342078,0.0010857870730636154
2021-11-22,-0.0035968283462065598,0.003904451439709744
2021-11-23,-0.0031347374335666256,-0.00875107021335797
2021-11-24,-0.001334086040563065,0.005231588241757512
2021-11-25,0.0010495742143767917,0.00444544375394762
2021-11-26,0.005147232097844956,-0.02687816045668845
2021-11-29,0.001043177245554805,0.008430422446351615
2021-11-30,0.0013262504266211561,-0.005499908882699578
2021-12-01,-0.0008514241042089088,0.010507654139290112
2021-12-02,0.0020831210448204462,-0.01630927643844804
2021-12-03,0.0017952830552343535,0.0008900191879841479
2021-12-06,0.0006602119666649919,0.0074489595314208845
2021-12-07,-0.0010367399125459364,0.024166552971767175
2021-12-08,-0.003491235655915137,-0.00043095700761575095
2021-12-09,0.0014202735662716126,0.0025872993398345923
2021-12-10,0.0008510134470836039,-0.005805848957896154
2021-12-13,0.0019838891081480625,-0.004433993923822266
2021-12-14,-0.001319998112123466,-0.010645176795526456
2021-12-15,-0.00047201487265968733,-0.00010960538905180339
2021-12-16,-0.000850129211109163,0.009883865949814608
2021-12-17,0.0015126347876623925,-0.005457220766431736
2021-12-20,-0.00018885698967019415,-0.017230144657391477
2021-12-21,-0.004814884105968642,0.012283664594639587
2021-12-22,0.000948669742104169,0.007170408671252293
2021-12-23,-0.0012322106211100081,0.0042718130388250675
2021-12-24,-0.000759079299491372,-0.00021835048517426792
2021-12-29,-0.0018043918304022633,0.0027271222784424065
2021-12-30,0.0,0.002393354907930023
2021-12-31,0.000951377440157497,-0.0030386940654175687
2022-01-04,-0.0057028390884914515,0.00010888418373089515
2022-01-05,-0.0003824430332188822,-0.002394657119373478
2022-01-06,-0.0023906893839982235,-0.014293476403436256
2022-01-07,-0.0034509688025377017,-0.004427832691276001
2022-01-10,-0.000673294277602321,-0.012786260982303843
2022-01-11,0.0010588414365055865,0.012951866933118783
2022-01-12,0.0,0.004447525590480783
2022-01-13,0.003846126106129333,-0.002214052138180267
2022-01-14,-0.0031609334867452876,-0.011648455039805161
2022-01-17,-0.0036513623052056854,0.007183695695877956
2022-01-18,-0.0013501686991167494,-0.011367546225630298
2022-01-19,0.0,-0.005523487151044781
2022-01-20,0.00019314201703690692,0.007141255352835829
2022-01-21,0.002317256644819965,-0.01575698320114227
2022-01-24,0.0019265828171817212,-0.03361926484400335
2022-01-25,-0.001826771115822745,0.0037867497629047175
2022-01-26,-0.0013484781240000743,0.01721084441307963
2022-01-27,-0.0016396118409061078,0.0006955705830224979
2022-01-28,-0.000772866614180967,-0.010306970125840254
2022-01-31,-0.001837014948390947,0.022466487596994433
2022-02-01,-0.0012592298732474472,0.005150066045326751
2022-02-02,0.002036682404183532,0.001479791056333557
2022-02-03,-0.0047425503866809215,-0.009776810311916573
2022-02-04,-0.005056928123275961,-0.003099972638739179
2022-02-07,-0.0012706015464920561,0.005873461052705808
2022-02-08,-0.0024466826113398454,0.001488093287306036
2022-02-09,0.0,0.01600567724418034
2022-02-10,-0.0037280219264488323,-0.0068638374986058626
2022-02-11,-0.002461861422896061,-0.010876923775450686
2022-02-14,0.0004935420938818602,-0.012142060923053699
2022-02-15,-0.0017760110054230172,0.012291302668882897
2022-02-16,-9.880499668823983e-05,-0.0053836476620506835
2022-02-17,0.0017793466407407532,-0.007370953913030109
2022-02-18,0.002072254985322708,-0.011950008449711835
2022-02-21,0.0,-0.011742666439512162
2022-02-22,-0.0006892729606093884,0.003089030608204091
2022-02-23,-0.0018723142615830746,-0.00580407938274019
2022-02-24,-0.0004936663655652485,-0.014059365555100012
2022-02-25,0.0006913835465534035,0.034803624637151254
2022-02-28,0.004145737394122273,0.0015184785148996127
2022-03-01,0.009141893233978848,-0.010494602073115145
2022-03-02,-0.004870485466455299,0.00824878165887144
2022-03-03,-0.0022513916672285417,-0.006895569496233489
2022-03-04,0.004709155418723743,-0.013416813848397213
2022-03-07,-0.004003523776560547,-0.004413646725242137
2022-03-08,-0.005784309576272517,-0.015935893467259654
2022-03-09,-0.0034514244966078467,0.027395877095754306
2022-03-10,-0.006827540675890753,-0.010666045586399941
2022-03-11,0.0006973763929893906,0.006708231038867751
2022-03-14,-0.005973749064589473,-0.0067825464819061265
2022-03-15,-0.0002002424221237975,0.0052711885879193066
2022-03-16,-0.0005009363514857368,0.023835393949884764
2022-03-17,0.0024055921867236485,0.008157673580344138
2022-03-18,0.0014998009015643188,0.010190097883143956
2022-03-21,-0.004293138360559112,-0.00022938444674369673
2022-03-22,-0.005314348980162253,0.006420404828350934
2022-03-23,0.00050406721986751,0.0
2022-03-24,0.00010071638189734777,0.0006834556902028943
2022-03-25,-0.005238806416699271,0.002846050106338094
2022-03-28,0.0004051014253507734,0.008400611418099668
2022-03-29,-0.00040493738463909246,0.016323156471827582
2022-03-30,0.0034434396320197624,-0.0006641684850834384
2022-03-31,0.0024222676197838133,-0.006096731516672671
2022-04-01,-0.003926711960180129,-0.0049065216369210685
2022-04-04,0.0015162514254023485,0.0077326116765250585
2022-04-05,-0.0058538906650073,-0.0037809562848467593
2022-04-06,-0.003350268709189641,-0.016744881361634767
2022-04-07,-0.0008149070926388724,-0.002724881663644263
2022-04-08,-0.002650608050376313,0.01388889533578097
2022-04-11,-0.00470200048022229,-0.01515843374724013
2022-04-12,0.0027728687585297784,0.0028503616829871348
2022-04-13,0.00030728812973390696,-0.0050020924330685945
2022-04-14,-0.004504933398126187,-0.000914229830782709
2022-04-19,-0.005862385285712812,0.002630582784086677
2022-04-20,0.0012414559828708427,0.002737438616915444
2022-04-21,-0.0026865652283327712,-0.0006827232792683269
2022-04-22,-0.0029009324663683556,-0.011041311070755011
2022-04-25,0.006234369340931911,-0.01404226825334376
2022-04-26,0.0011359256972443,0.001750973707215886
2022-04-27,-0.002269115772746688,0.007341748430128137
2022-04-28,-0.004135270938938618,0.009370675154644958
2022-04-29,-0.0029066540702652466,-0.0019484233724819111
2022-05-03,-0.0019781619652781135,-0.004593310360850644
2022-05-04,-0.0021907189433830743,-0.009575594314062852
2022-05-05,-0.0038682820397796247,0.009551433598420367
2022-05-06,-0.0013643497436341967,-0.009115009426724607
2022-05-09,0.000420385833109993,-0.025966591200405453
2022-05-10,0.005042510197470262,-0.004183876079747684
2022-05-11,-0.0008362018100904756,0.01164440568675551
2022-05-12,0.0066952931009343075,-0.013527699196689169
2022-05-13,-0.0027018406781763593,0.02249487869900757
2022-05-16,0.0006251111071589044,-0.004941140714293413
2022-05-17,-0.00510249586156486,-0.0007096027767065083
2022-05-18,0.0010466744712611664,-0.011358136896216342
2022-05-19,0.0037640883213865273,-0.0171133424814508
2022-05-20,0.0005208694605298714,-0.0017048007865317905
2022-05-23,-0.0030192788713512275,0.01414815103614453
2022-05-24,0.005952378097780819,-0.014551755730491167
2022-05-25,0.00031138749388692766,0.009763182879423793
2022-05-26,-0.0007263975985112303,0.016074232707818492
2022-05-27,0.0023885607897822236,0.014511820117022678
2022-05-30,-0.00269364370503522,0.009965994098708908
2022-05-31,-0.0037399236351087772,-0.008822809382899366
2022-06-01,-0.0026069033495151883,0.0014053346557016955
2022-06-06,-0.007318375752054851,0.007134601668812968
2022-06-07,0.003370170796270555,-0.006967862394329782
2022-06-08,-0.0018893536284796397,0.009472494157711564
2022-06-09,-0.003890982619606853,-0.014365104152200936
2022-06-10,-0.006651255808263201,-0.022919563237529306
2022-06-13,-0.012647415843199838,-0.02069041896131585
2022-06-14,-0.0083960646829917,0.006141678098297465
2022-06-15,0.0024966837867603786,0.0015872243127361685
2022-06-16,0.00508933900918751,-0.04126197427926703
2022-06-17,0.001831447461948521,0.00897432508018059
2022-06-20,-0.0036561987879066837,0.004256693868433192
2022-06-21,-0.0007555674149366531,0.01246281741282873
2022-06-22,0.006372862209135466,-0.0014996165816220097
2022-06-23,0.00686911451711647,-0.0030038388289006512
2022-06-24,-0.0008526998708588973,0.02460480385208008
2022-06-27,-0.003627495965388583,0.006738298782172025
2022-06-28,-0.0035335845430694013,0.001947335819818763
2022-06-29,0.004943012125961488,-0.00813802463822022
2022-06-30,0.0072712020117076115,-0.013593091778498212
2022-07-01,0.006900203602442145,0.009062886329461284
2022-07-04,-0.003900827945486185,0.00098417999310918
2022-07-05,0.005186285923712397,-0.002212327148895965
2022-07-06,-0.00010533594671791047,0.011948728916593376
2022-07-07,-0.0037911233307591496,0.010955457401076396
2022-07-08,-0.003276891816209271,0.004093815294080372
2022-07-11,0.0032876651391984257,-0.004436707986142263
2022-07-12,0.005708285509424371,-0.0015659192996339
2022-07-13,-0.0031533057176392765,-0.01290875462849228
2022-07-14,-0.0006325592566307492,-0.006111023147168049
2022-07-15,0.004009336598860269,0.018568704385223844
2022-07-18,-0.005569647376315268,0.0009053296413301659
2022-07-19,0.0005284103252978234,0.005970961039513334
2022-07-20,-0.0011618402573122522,0.0125900244978141
2022-07-21,0.0037009762085535858,0.00390749485205788
2022-07-22,0.009060276886770913,-0.0047182256381121945
2022-07-25,-0.00250572430463869,-0.002133242811794056
2022-07-26,0.0049194100713556566,-0.009263461994661992
2022-07-27,0.00020823041061657221,0.009469991095073294
2022-07-28,0.0065605226164713315,0.008550101230855311
2022-07-29,0.001965599047251132,0.007182384305549627
2022-08-01,0.0025813323588499415,0.0019290411592436385
2022-08-02,-0.0024716609520608612,-0.0023336983953594626
2022-08-03,-0.005368613614542994,0.00999937012139629
2022-08-04,0.005501429222785514,0.0033579313195359894
2022-08-05,-0.010013466173025454,-0.0002307967836653324
2022-08-08,0.005526590406183862,0.0072723837514041545
2022-08-09,-0.0025925752480222553,-0.006990694673928988
2022-08-10,0.002495303400674498,0.005366468521763812
2022-08-11,-0.0032150379408769636,0.0091259678761475
2022-08-12,-0.0006242801744575921,0.007450924332983222
2022-08-15,0.004372691005506857,0.008750565200590588
2022-08-16,-0.0026951190330355423,0.0025742917145008537
2022-08-17,-0.006444269724080298,-0.0049120907565353145
2022-08-18,0.00094155436781862,0.007180178215184352
2022-08-19,-0.007629663725547187,0.0010027142016797441
2022-08-22,-0.003896719677853988,-0.0117961652451255
2022-08-23,0.0010572983691952142,-0.009403035555666461
2022-08-24,-0.003802334852677447,0.007900774320378279
2022-08-25,0.000530147051901908,0.0040604326494648735
2022-08-26,0.0,-0.008425048148517855
2022-08-30,-0.005510267261628621,-0.014727747070350183
2022-08-31,0.00010659302749482791,-0.0006321002017364297
2022-09-01,-0.009056016698175018,-0.009492245222429196
2022-09-02,0.004085552777010726,0.017423764572054523
2022-09-05,-0.0016061971442670187,-0.010731957720660379
2022-09-06,-0.004182765355105311,-0.005539402787890779
2022-09-07,0.002692536826704117,0.004874011550063395
2022-09-08,-0.001074106173483802,0.011202380357567376
2022-09-09,-0.0013977983030708518,0.008679774051205902
2022-09-12,0.0025842389282018097,0.005661092405512935
2022-09-13,-0.005262595881317278,-0.014692542697408273
2022-09-14,0.0006478035913060065,-0.010284123455313932
2022-09-15,-0.0019421526404629352,0.00030530143334828175
2022-09-16,-0.0029189392788475654,-0.010323692485978198
2022-09-20,-0.006397046424146957,0.000586227722686461
2022-09-21,0.0007638113291636994,0.006617966137096198
2022-09-22,-0.004470540261360401,-0.019491156122697917
2022-09-23,-0.006133665022667323,0.008426174427425881
2022-09-26,-0.005951110670987858,0.002824460704711651
2022-09-27,-0.010199483839828494,0.002581844011332546
2022-09-28,0.006272356264074741,0.00585293912372542
2022-09-29,-0.0005564983880971264,-0.035261536444677555
2022-09-30,0.002672884188316349,-0.002412392557826215
2022-10-03,0.008774832297612889,-0.011185099196022952
2022-10-04,0.0015414996378642076,0.023295692545270086
2022-10-05,-0.006816218331709423,0.0027488628619656286
2022-10-06,-0.002213843000151261,0.010606377347489815
2022-10-07,-0.004992156238390888,-0.017099062366415785
2022-10-10,-0.0059092430050204925,-0.007618721594754185
2022-10-11,0.0006729426574565434,-0.01124319200579238
2022-10-12,-0.0023537582794822542,-0.0011616412996884318
2022-10-13,-0.0015728456889702036,-0.015424053363487511
2022-10-14,-0.0028131206157222532,0.009821951922987404
2022-10-17,0.0047393888870943535,-0.0007384696104003607
2022-10-18,-0.0013477851245921046,0.013183899022782608
2022-10-19,-0.003373795059359308,0.0026750176038214946
2022-10-20,-0.0022568107231070167,0.00230473999017633
2022-10-21,-0.0027142985257470054,-0.0006658017151356388
2022-10-24,0.0010205888479966063,0.005267508011653321
2022-10-25,0.009402944255732404,0.003131848161627593
2022-10-26,0.0046016673140911735,0.0019212814701026204
2022-10-27,0.005250814780129565,-0.007790063943694636
2022-10-28,-0.0028895951776679585,0.0004224913929649077
2022-10-31,-0.00245205554477812,0.010926801611220727
2022-11-01,0.0018993849362269888,0.0045384361605711465
2022-11-02,0.00044607689201336953,-0.006895715139740077
2022-11-03,-0.007691438093048286,0.005626662422988593
2022-11-04,0.0007863775269019158,0.0008929681583380589
2022-11-07,-0.0014592310518182217,-0.0035089653567192958
2022-11-08,0.003035179326124293,0.007758451786400222
2022-11-09,0.0028016850940950633,0.00023711540343795967
2022-11-10,0.014416568596808066,0.011189803710605295
2022-11-11,-0.001983019912413897,0.0046256803988500295
2022-11-14,-0.0008830088846696338,0.00862556041193785
2022-11-15,0.004529811165410402,-0.002542272640537746
2022-11-16,0.0035195524659386024,-0.011991879866777633
2022-11-17,-0.00010955832642856045,-0.00252118483137298
2022-11-18,0.0005480194491531698,-0.002939152078747731
2022-11-21,0.0010955224283586418,0.0016508529501786384
2022-11-22,0.0010944073322778358,0.003708107843915398
2022-11-23,0.0037166326359518997,-0.004632826860505812
2022-11-24,0.004574134056730017,0.0016498755814431387
2022-11-25,-0.004119658372141233,-0.0010586033099905245
2022-11-28,0.0014151452369455253,-0.0028264074711380482
2022-11-29,-0.0010869837440848906,-0.0017714998055369247
2022-11-30,-0.0033736162088839894,0.008577079102098706
2022-12-01,0.011356193261135683,-0.0011145495290747487
2022-12-02,0.0002159345304353355,-0.0037576405468019436
2022-12-05,0.0015112153894620839,-0.0008838424793341515
2022-12-06,0.0010778107596944864,-0.016811279980900706
2022-12-07,0.0026915846323389836,-0.003239641768264745
2022-12-08,0.0031139457248523517,0.004875353601651478
2022-12-09,-0.0062084764051351105,-0.0020964718275211514
2022-12-12,-0.001077114204527052,-0.004441601503504478
2022-12-13,0.003666219675406479,0.014168524579856845
2022-12-14,-0.00021494960525414442,-0.0019618475847442696
2022-12-15,-0.002578962848327815,-0.018895240994773133
2022-12-16,-0.0017237540632405457,-0.005972091418148695
2022-12-19,-0.0043168263049849775,-0.0028200301759938595
2022-12-20,-0.006936950300385214,0.0006148866037913869
2022-12-21,0.0008731655232614433,0.018432110180492955
2022-12-22,-0.0006543028277751217,-0.01049717429528585
2022-12-23,-0.0021824374008799774,0.003170155222256499
2022-12-28,-0.00765532168573102,-0.00048605500587450834
2022-12-29,0.0013224502933970594,0.006931699363131871
2022-12-30,-0.0009905699159223902,-0.004287432860604179
2023-01-03,0.0018729786237419166,0.004366765094233838
2023-01-04,0.005937938106099772,0.008030825201901015
2023-01-05,-0.0009838563554660507,0.0009585185260596596
2023-01-06,0.0077688887504210324,0.004787139672771223
2023-01-09,0.0026058445679699727,0.007266487467450622
2023-01-10,-0.005198143581724213,-0.007805276233626479
2023-01-11,0.005551928722807187,0.012634326612607216
2023-01-12,0.003680822377636783,0.005826041934706705
2023-01-13,0.0025886990194050608,-0.0005263847173376801
2023-01-16,-0.0009682144373470702,0.004800404884862219
2023-01-17,0.0012923410883689535,-0.0057097425921781575
2023-01-18,0.00473208387440649,-0.00937549940515292
2023-01-19,0.0004281707865609885,-0.015497356299306486
2023-01-20,-0.004386831283808679,0.010694639049429577
2023-01-23,-0.0007522371755694923,0.017001481070858304
2023-01-24,0.0010754923165889885,0.0021042898534859855
2023-01-25,0.00021478514495942846,-0.008691182589465662
2023-01-26,-0.0004296424693934764,0.009002767077718854
2023-01-27,-0.0020416377976795186,0.00478202264672567
2023-01-30,-0.0025843213442920954,-0.003250172153877684
2023-01-31,0.0014034642968929756,0.0019796899957642555
2023-02-01,0.0016171059744054528,0.005346109258272058
2023-02-02,0.010332587816286987,0.02531804180871755
2023-02-03,-0.006178794808044619,0.009640394275240771
2023-02-06,-0.003108604835439732,-0.008710541076136002
2023-02-07,-0.0027956789070310295,-0.0007324524576489688
2023-02-08,-0.002587861513260181,-0.003156644340468251
2023-02-09,0.0028107905761189933,-0.0020358398111222087
2023-02-10,-0.007115167270791645,-0.005156128868607057
2023-02-13,-0.0009771501604219912,0.005297006031333984
2023-02-14,-0.0015215627933100606,-0.005155997587605765
2023-02-15,-0.002394670888756778,0.012472203307834828
2023-02-16,-0.0025096543314649944,0.0010126279978293073
2023-02-17,0.0,-0.012306282366608245
2023-02-20,0.0015314663933045924,0.0010809460768452794
2023-02-21,-0.005024075436367292,-0.018299381956429994
2023-02-22,0.00010981070885462962,0.0002312124134797866
2023-02-23,0.0015365930679667184,0.00023171575260660937
2023-02-24,-0.0026301181238087556,-0.004397590009343477
2023-02-27,-0.0007690986668227318,0.0030219273073144315
2023-02-28,-0.00022000779874620235,-0.009502622713835285
2023-03-01,-0.003079608407696277,0.005030963636310837
2023-03-02,-0.002316883491506383,0.005122251823469481
2023-03-03,0.0026539675274088737,0.012392966730700117
2023-03-06,0.0016543813501805893,0.005948894699528751
2023-03-07,-0.0007707076807319524,-0.001023683577837886
2023-03-08,0.0005510023849217838,-0.0018214831516458752
2023-03-09,-0.0002203470153601117,-0.005360404869797164
2023-03-10,0.008371912396214265,-0.023964969177509232
2023-03-13,0.011688836933299918,-0.022321555128742787
2023-03-14,-0.004643135222098138,0.009432972584258348
2023-03-15,0.01041441526120157,-0.01470153176424871
2023-03-16,-0.004616714115771914,0.015198287892277396
2023-03-17,0.004530223283959023,-0.008842627486523869
2023-03-20,-0.0007515910595099484,-0.0022304755421599376
2023-03-21,-0.002578962848327815,0.0169769480796369
2023-03-22,-0.0036629773843862568,0.0018416522468414076
2023-03-23,0.008326105997559008,-0.0042103827891868395
2023-03-24,0.003002659399829355,-0.007562447410367379
2023-03-27,-0.0027798368252396344,0.005760063343642097
2023-03-28,-0.004288593629329429,-0.004056622574724056
2023-03-29,0.00043070648803356093,0.010422711668855333
2023-03-30,-0.0018297556945389148,0.007173354230372464
2023-03-31,0.0012939307566302016,0.006828071809892977
2023-04-03,0.005922975844703471,0.00286455513276751
2023-04-04,0.001605689233253882,-0.008044759926442713
2023-04-05,0.004916677853949558,-0.003996256459723124
2023-04-06,-0.0004253569395987755,0.004248213477791474
2023-04-11,-0.007448502171587323,0.007050560540672546
2023-04-12,0.00042881340536671253,-0.001983533070110677
2023-04-13,0.00010719841014994458,0.0010522202575549144
2023-04-14,-0.004285836597600179,0.007066020456443889
2023-04-17,-0.003228295404678505,0.005798808163203217
2023-04-18,0.000755730612857386,-0.00017280016733167702
2023-04-19,-0.0035598862619848903,-0.004843936874774468
2023-04-20,0.0037891232904385674,-0.0015644294560563932
2023-04-21,0.0008628065730804657,0.0011027845216500243
2023-04-24,0.0,-0.0034204202886557455
2023-04-25,0.004741345288062249,-0.0018030217124275216
2023-04-26,0.0013942824813844013,-0.008974536135572753
2023-04-27,-0.0033201414097263626,0.002352215186515627
2023-04-28,0.003975942181752012,0.002405149521143457
2023-05-02,0.00032105274497640224,-0.004506252729380877
2023-05-03,0.0031029505752198094,0.0
2023-05-04,0.0021333180934031137,-0.01093474403628758
2023-05-05,-0.004576910715616833,0.008796804475329045
2023-05-09,-0.003742447400350679,0.0008249387411480846
2023-05-10,0.0018245674682495494,0.0007064672351495549
2023-05-11,0.0046068219341139915,0.006000685207475431
2023-05-12,-0.0018128928104474973,0.0014035149317928042
2023-05-15,-0.003311982865546348,0.0008177094474768332
2023-05-16,-0.0024654537017331224,0.0005249413773533718
2023-05-17,-0.0001074156614336852,-5.8296217609110634e-05
2023-05-18,-0.004406242622605583,0.012364361425956538
2023-05-19,0.0008635516511210639,-0.0003456174883736951
2023-05-22,-0.0032356071984748214,0.006627622406259359
2023-05-23,-0.0016229723508353056,-0.005438965021498987
2023-05-24,0.0006502608592069414,-0.011973159342070994
2023-05-25,-0.0020578627159195673,0.004078181329844721
2023-05-26,-0.0036900105389711113,0.012533512095393773
2023-05-30,0.0065359842237910915,-0.007335366273255817
2023-05-31,0.0035714442509686695,-0.01160376867131796
2023-06-01,0.003127295142275832,0.0033293294083116542
2023-06-02,-0.0009674857958635874,0.022063222577069608
2023-06-05,-0.0025825704334395683,0.0045563334326206295
2023-06-06,-0.00032369845969082434,0.001644255264903416
2023-06-07,-0.002482216426804462,-0.0043019779933316515
2023-06-08,0.001406418282245303,-0.0057987294303606385
2023-06-09,-0.0001079132228841706,0.0007432560018378886
2023-06-12,-0.00010809027150338046,0.008285528987718171
2023-06-13,-0.000864484810227717,0.00430667173057131
2023-06-14,-0.0005407291034940087,-0.0013542549962143324
2023-06-15,0.0011902144986843943,-0.0004477898911725564
2023-06-16,0.000756629150126642,-0.0015932863709068323
2023-06-19,-0.0019439578671353042,-0.004615798137352689
2023-06-20,0.0038955712259309827,-0.0031489633417214336
2023-06-21,-0.0016168492239626575,-0.00022961304916468972
2023-06-22,-0.0011875985981196768,-0.002642341293196959
2023-06-23,0.0018375845022045034,-0.006335648655595882
2023-06-26,0.0036685105430966924,0.0
2023-06-27,-0.003010083805433106,0.0015067859625483848
2023-06-28,0.0019408961349451914,0.012385997221070255
2023-06-29,-0.0035514578357564996,0.0027440239432279245
2023-06-30,0.0006480961761499149,0.0036487166582788166
2023-07-03,-0.0014032438344757647,0.004658072043393524
2023-07-04,-0.0002160852110355549,-0.0024879587193511465
2023-07-05,-0.0020540806400417555,-0.0034007322689527664
2023-07-06,-0.007041481584174614,-0.015584261598524884
2023-07-07,0.0005454485483444849,-0.0024267067909566897
2023-07-10,-0.0001089968558662946,-0.0010424552656211894
2023-07-11,0.00010900873747599071,0.0004638684810058802
2023-07-12,0.006324321396508514,0.009735710202921632
2023-07-13,0.0043342158897474725,-0.0018364585787036258
2023-07-14,-0.00010792701194284327,0.0023574256033040975
2023-07-17,-0.0006473842134876451,0.0009752257530220021
2023-07-18,0.004534625139142712,0.005100218284651126
2023-07-19,-0.00032239851994486646,0.019214316585795643
2023-07-20,-0.0037630502827389334,-0.0024056013368770612
2023-07-21,0.0029138990573029933,0.0005048776069922489
2023-07-24,-0.00010764828283282846,0.0026902843787532937
2023-07-25,-0.0019371363544818943,0.00011165031582227591
2023-07-26,-0.0012939307566300906,-0.005477259795290457
2023-07-27,0.000431869060870671,0.011127370959114868
2023-07-28,-0.00140300985055819,0.0021119751575076062
2023-07-31,0.00021622728713910355,-0.0003326141359247803
2023-08-01,-0.002917444917999834,0.002607576619128693
2023-08-02,-0.004226196262454351,-0.010901583127633119
2023-08-03,-0.0009794665201784403,-0.004252013835021939
2023-08-04,0.002287606984834545,0.002247580223255108
2023-08-07,0.0,-0.005213767491104471
2023-08-08,0.003803948576484917,-0.00417000450608318
2023-08-09,0.0003247721601888909,0.002433418783705399
2023-08-10,0.0,0.007225931169333455
2023-08-11,-0.0051953302338527685,-0.010200761638136435
2023-08-14,-0.002176109381912039,0.0024349346280603257
2023-08-15,-0.001962694532472331,-0.009885369858731674
2023-08-16,-0.0004370120617336326,-0.00502058995824084
2023-08-17,-0.00535578010807769,-0.008027646871960448
2023-08-18,0.004285725700602372,-0.0073986708657090006
2023-08-21,-0.0049238751580900075,0.0019800968484660064
2023-08-22,0.0013194576361685861,0.005462905290800624
2023-08-23,0.0068087329708128586,0.009364392747838846
2023-08-24,0.0007635615663881268,0.0005726614009315956
2023-08-25,-0.0014169252197172577,-0.00022909690508510216
2023-08-29,0.004802410377938049,0.019006412550302887
2023-08-30,0.0,-0.0021350232406825986
2023-08-31,0.0033673866005416997,0.004560364629091707
2023-09-01,-0.004113943166630829,0.005324251163812965
2023-09-04,-0.0015218937280355727,-0.0014496045294879467
2023-09-05,-0.0011975545920230868,0.0008932571441528925
2023-09-06,-0.0020710138406598855,-0.002454109992657716
2023-09-07,0.0007645621713197048,-0.002460413599651212
2023-09-08,0.0018555185071911229,0.0038119088357599917
2023-09-11,-0.0021789542587211663,-0.0003911363454346395
2023-09-12,0.0005459490090478081,0.003072530164069498
2023-09-13,-0.0007638948514522292,-0.0007796515194501419
2023-09-14,0.0029485846609738076,0.01300241496790222
2023-09-15,-0.0030487586363576735,-0.003536282598141205
2023-09-18,-0.0012014311509396247,-0.0022180201699676383
2023-09-19,-0.0010934858873782316,-0.004779431841187898
2023-09-20,0.0018609190493510397,0.005472472365712688
2023-09-21,-0.006118837621568285,-0.01299568287456021
2023-09-22,0.0023087326843997946,0.0033760783250171844
2023-09-25,-0.003948722934226434,-0.003476876063268408
2023-09-26,-0.0015416694516061646,-0.005514881886634737
2023-09-27,-0.0009925612774478454,-0.0006790364654918335
2023-09-28,-0.006071979207666667,0.0004528196701572007
2023-09-29,0.005997957577740243,0.002150679927985788
2023-10-02,-0.004858086098644909,-0.0012423315647684952
2023-10-03,-0.007211795880097127,-0.010744116017514349
2023-10-04,0.0027939431234167422,-0.004458556277702863
2023-10-05,0.0007801551592643285,-0.0016077985622969804
2023-10-06,-0.0010023477609758524,0.00586608151823631
2023-10-09,0.00457037743922184,0.003659213355839741
2023-10-10,0.0017753128157576015,0.014355712298627532
2023-10-11,0.0040984586397512235,-0.004380698841061403
2023-10-12,-0.0027578822085483345,0.007784521049716719
2023-10-13,0.0013273394071295908,-0.004142010578604638
2023-10-16,-0.0033140766152550682,0.0037094228325598166
2023-10-17,-0.005431171508928911,0.0012321110357800258
2023-10-18,-0.0039006904961730315,-0.007494453134553325
2023-10-19,0.0,-0.0055224292884688
2023-10-20,0.0004476098643726445,-0.017338979018097
2023-10-23,0.0013419720106648825,-0.0055355713315942134
2023-10-24,0.0008934490235275039,0.007305908215984092
2023-10-25,-0.002120089979133044,-0.0034539961576998124
2023-10-26,0.0016773203066420272,-0.009588580831270122
2023-10-27,0.001227986576223472,-0.004899074296822237
2023-10-30,-0.0011150287977991225,0.002578630403746951
2023-10-31,0.002455613691120684,0.004676880839463271
2023-11-01,0.003006453174430046,0.009193569988745987
2023-11-02,0.005106535054652195,0.017527576293759894
2023-11-03,0.008283614289327668,0.00033980094968821817
2023-11-06,-0.004272111197971995,-0.0020389185114472186
2023-11-07,0.003190338299300155,0.007719244633619837
2023-11-08,0.003070490082347277,-0.0015771006831611922
2023-11-09,-0.0012025296383683104,0.0060927114544473415
2023-11-10,-0.0012040612352099966,0.0
2023-11-13,-0.0029588409496541512,0.0030280847240105047
2023-11-14,0.010881475756402859,0.004583876173170021
2023-11-15,-0.0028270716788753036,0.007123119748165152
2023-11-16,0.0041434662352193286,-0.005415020018159744
2023-11-17,0.0013031469348661062,0.005777833596321225
2023-11-20,-0.0009759844572939658,0.0009942498605572947
2023-11-21,0.003473704807377187,-0.003973049238577331
2023-11-22,-0.00032449109586996094,0.008088684873435392
2023-11-23,-0.0017314846273485118,-0.003187495751264535
2023-11-24,-0.0027100491356641943,-0.005513342906482199
2023-11-27,0.0030434564853609736,-0.0018849866501642332
2023-11-28,0.004334685747102718,-0.0019996323463280508
2023-11-29,0.0038843052809258705,-0.0011129080274447922
2023-11-30,-0.0017196781477230028,0.0016713979960476522
2023-12-01,0.005383251671898348,0.004450034300993
2023-12-04,0.00042835419531384034,-0.0016614790645501643
2023-12-05,0.007064899909138722,0.00244072203590906
2023-12-06,0.0008504154042909828,0.0032092793129854247
2023-12-07,0.001062014406816747,0.001875508709082041
2023-12-08,-0.006365407573333592,0.005285149597616945
2023-12-11,0.002135367944817501,0.0018620694726760867
2023-12-12,0.0031963083437787088,0.003388897294063442
2023-12-13,0.0027611561707425736,0.004794132439748244
2023-12-14,0.010379245044265017,0.0004391390681566243
2023-12-15,0.0044024839338581145,0.004894418301535586
2023-12-18,-0.0036526957922187187,0.0033554245177727093
2023-12-19,0.0037708711726580635,-0.0005392808026902784
2023-12-20,0.0009391163775889222,0.007123435010315982
2023-12-21,0.0023978542037614847,-0.0033221725365102373
2023-12-22,-0.00020808642639658093,-0.002795789624786771
2023-12-27,0.004057017037496946,0.002803627978801737
2023-12-28,-0.0002072094618834619,0.006989220145495745
2023-12-29,-0.0035232115953478527,-0.0006407235948838741
2024-01-02,-0.003223889720891493,0.00021362735634555818
2024-01-03,-0.0003129468815988856,-0.010041620688434505
2024-01-04,-0.0032352494090369666,0.0
2024-01-05,-0.0011516635331363378,-0.004640115029460712
2024-01-08,0.0031445511509053947,0.00032513093133546
2024-01-09,-0.0027167240888681388,0.005527391439431817
2024-01-10,0.00020947403251780905,0.000862308929724831
2024-01-11,-0.0008380413693525046,-0.0023691369497461645
2024-01-12,0.004298604516347337,0.005504974265823526
2024-01-15,-0.0014615199791803146,-0.00010714922803123361
2024-01-16,-0.0018818474737696267,0.0010736353806128918
2024-01-17,-0.005551482392913809,-0.011261250043160254
2024-01-18,-0.00021065785230567347,0.004230360215863982
2024-01-19,-0.0008428895896885891,0.005724670156172396
2024-01-22,0.0018980005865578686,0.006444057857707852
2024-01-23,-0.0014733634638081083,0.0018140952606224836
2024-01-24,-0.00010535519827470363,0.005219463380707445
2024-01-25,0.003056832855245162,0.002119283780839698
2024-01-26,-0.0010509345322319286,0.002114801915440445
2024-01-29,0.0,0.001793887791230686
2024-01-30,0.0012623515682128605,0.004845220733631361
2024-01-31,0.005883546880362633,-0.008176118272481214
2024-02-01,0.00553582678046638,-0.0019024655517636546
2024-02-02,-0.007582746219220948,0.013447828310543697
2024-02-05,-0.006803504232482438,0.005537538552106147
2024-02-06,0.0030561888166349416,0.001350751746714618
2024-02-07,-0.00010510354508552755,0.002282929729870986
2024-02-08,-0.002942082663499268,0.0008282135345232255
2024-02-09,-0.0020023445111811977,0.0015517272686040862
2024-02-12,0.0014783421779809292,0.008675786836159771
2024-02-13,-0.003795759060616466,-0.013618685824141386
2024-02-14,0.0013759021560526552,0.006955327024328772
2024-02-15,0.0016911410469395705,0.004948358271233744
2024-02-16,-0.003271094346705472,0.005129418019427456
2024-02-19,0.0008469943207705111,-0.0014289525698130134
2024-02-20,0.004019433699219643,-0.009505227440652297
2024-02-21,-0.001896320145480468,0.0008253162615812215
2024-02-22,-0.0014777986842647861,0.01433134187726548
2024-02-23,0.002748475716565668,0.0016265291065820087
2024-02-26,-0.001159635642674739,-0.0016745319530220293
2024-02-27,-0.0005277411032850177,-0.0020329244626976495
2024-02-28,-0.0004223026559483367,0.0002544828754031947
2024-02-29,0.0030635335524358265,0.0019349885527872868
2024-03-01,0.002001079215619539,0.008638950832766223
2024-03-04,-0.0009459273555465497,-0.0022673535512168774
2024-03-05,0.004418695139749351,-0.008331939482937645
2024-03-06,0.0007332494471166129,0.005703265990372408
2024-03-07,0.001465344259765633,0.003443014969630287
2024-03-08,0.0014632001677987727,-0.0038349795060512726
2024-03-11,-0.0011480174931282061,-0.003241624593700476
2024-03-12,-0.0013582200663579957,0.009858583421348932
2024-03-13,-0.00020932736806389407,0.00030207016694672184
2024-03-14,-0.005022986378137029,-0.004175672708991107
2024-03-15,-0.0012620860354985997,-0.00144814892782974
2024-03-18,-0.0006318404547639433,0.0075103295105503065
2024-03-19,0.0018967197885855214,0.00030236982050380057
2024-03-20,0.0009465242763995185,0.0023162034589028213
2024-03-21,0.0012609729943962034,0.017984490672153353
2024-03-22,0.0038828960761230213,-9.875065320652521e-05
2024-03-25,-0.002613443724786557,-0.0032573118331542528
2024-03-26,0.0019913511040072773,0.0026244212378321308
2024-03-27,0.002719725955384833,-0.0015311100020454216
2024-03-28,0.00020863609720667142,0.004055892886793977
2024-04-02,-0.006779298675512968,-0.004729151179678426
2024-04-03,-0.001575162742570635,0.0011879832615000474
2024-04-04,0.0022086908123468696,0.0020762128958122794
2024-04-05,-0.0013642065111784119,-0.006511975219140265
2024-04-08,-0.0023119594515901287,0.0020855697743891177
2024-04-09,0.003370606256046349,-0.006342849383245253
2024-04-10,-0.005983620671022649,0.003490935628825076
2024-04-11,-0.003696366553076147,0.0009939292551373047
2024-04-12,0.0041340756468910556,0.0027801294650944275
2024-04-15,-0.005172679590232043,-0.0032675553687883108
2024-04-16,-0.0025466711022514854,-0.014305534885508564
2024-04-17,0.0009573992353182348,-0.006450325509860466
2024-04-18,0.0001063211373417694,0.004260418223095197
2024-04-19,0.0007439248240621588,-0.0038384018855285307
2024-04-22,0.0,0.0057797879773631156
2024-04-23,0.0008495213395907086,0.00735956412240979
2024-04-24,-0.0031830822055586294,0.00010005573748572694
2024-04-25,-0.0025545320825717255,-0.010807451474877383
2024-04-26,0.002881331249036778,0.014365199749486912
2024-04-29,0.0027664445779380653,-0.002991976915681094
2024-04-30,-0.0016977807348342866,-0.0032008885905987494
2024-05-01,0.00010625107796835564,-0.00712493713823481
2024-05-02,0.0025508124740807325,0.0054577950450911406
2024-05-03,0.00434645269594558,0.00980102760673529
2024-05-07,0.005277563910430549,0.014085842757017408
2024-05-08,-0.00262496890870878,0.0010798532114502102
2024-05-09,-0.0004210939547152348,0.0025495151673529115
2024-05-10,0.00031599381748415034,0.0030320348920032103
2024-05-13,-0.000736951684174314,-0.0016577075365584726
2024-05-14,0.00021072442994518603,-0.0006837143533411361
2024-05-15,0.006215020704372742,0.005375815419317753
2024-05-16,0.00020945887093981597,0.00369435907592508
2024-05-17,-0.0019887215518245016,-0.0051337130087280025
2024-05-20,-0.0009438440106322998,0.004283934306589465
2024-05-21,-0.00010501527060235993,-0.004265660497244972
2024-05-22,-0.0007349430294598669,-0.0019471386802824009
2024-05-23,-0.0036771765922906097,0.0
2024-05-24,0.0010545109946391573,-0.0037070490427468794
2024-05-28,-0.00010538033107965195,-0.0024478801609831846
2024-05-29,-0.006110445549356691,-0.0051039586008053694
2024-05-30,0.0028620086845201342,-0.0029598793162648462
2024-05-31,0.0015854851816838877,-0.004848435810853258
2024-06-03,0.004748845420651238,0.006562479639287133
2024-06-04,0.002835856363344602,-0.003704310085134388
2024-06-05,0.0025135972818903785,0.011947740956250286
2024-06-06,0.00041788249201890615,0.004507133308513378
2024-06-07,-0.006056845046979786,0.0022434551030356964
2024-06-10,-0.0026265432207972506,-0.0021411333365868312
2024-06-11,0.0014747602416056438,-0.0026332712308402284
2024-06-12,0.007888907361211617,0.006943086048115887
2024-06-13,-0.00020872319159082053,-0.002267640401845239
2024-06-14,0.003862145224330371,0.0031336375539707806
2024-06-17,-0.0038472864453588107,0.0021475935249035683
2024-06-18,0.002505201192678941,0.007110834604825866
2024-06-19,0.0010412253512910308,-0.0001934418534083049
2024-06-20,-0.0015602532995360185,0.004643502729574589
2024-06-21,-0.00041670710011965095,-0.002503680259007268
2024-06-24,0.00041688081731616755,0.0005793557780611192
2024-06-25,0.00020843328735420386,-0.0018332382347270304
2024-06-26,-0.0030205367641074066,0.0022231517501807296
2024-06-27,0.0007312543799298243,-9.651631761431467e-05
2024-06-28,-0.0008351542738173068,0.005594198410660001
2024-07-01,-0.006060009431728353,-0.005179272465852813
2024-07-02,0.0022075300291910516,-0.00019297678803598117
2024-07-03,0.0044053351487525205,0.0031823245479101203
2024-07-04,-0.0011487367971599882,0.00317207952175802
2024-07-05,0.003972789111291286,-0.0021080079186891476
2024-07-08,0.00010417323395084388,0.0009603184952728938
2024-07-09,-0.0019783680153423466,0.0027339938339967507
2024-07-10,0.0020866585769485635,0.0011480480496615098
2024-07-11,0.004997361149150725,-0.0027235619640535447
2024-07-12,0.0,0.00277891098141847
2024-07-15,0.0005180096156476299,0.00019103825602573288
2024-07-16,0.0013459850432722131,0.0
2024-07-17,0.0013441758027461503,-0.00941043276544029
2024-07-18,0.0016522771152862603,-0.005063476644783571
2024-07-19,-0.0004123681729730766,-0.0038774630926458054
2024-07-22,-0.004022287803478353,0.004087184152984147
2024-07-23,0.0008284086793959311,0.0060090540264501335
2024-07-24,-0.0004138614932448492,-0.016955793528792507
2024-07-25,0.0009315342895808154,-0.0017639336231968228
2024-07-26,0.0005170989742318,0.00412322013207822
2024-07-29,0.0025840003835297942,-0.0009776297508161669
2024-07-30,0.0011340519291942464,0.000782930227832157
2024-07-31,0.0023683916619434697,0.015988542279520956
2024-08-01,0.005033905083380086,-0.007844365600202186
2024-08-02,0.008177470377099594,-0.02968568705884511
2024-08-05,-0.00010134950041529311,-0.017496537752033636
2024-08-06,-0.002230846340136039,0.011499063798023235
2024-08-07,-0.004674763294361339,0.01332986897783428
2024-08-08,-0.0012252311336248267,-0.0014396372640697042
2024-08-09,0.0037824694695536287,0.002684579373114726
2024-08-12,0.00030548891634141206,0.0015864334761828136
2024-08-13,0.003665292944846854,0.007128067837614216
2024-08-14,0.00233307478432887,0.00658596881094109
2024-08-15,-0.005161345195392686,0.011718723219815264
2024-08-16,0.0010172087679285458,-9.652487849687308e-05
2024-08-19,0.0015244182273064233,0.0031857037824838397
2024-08-20,0.0029426087226664954,-0.0030793596583242877
2024-08-21,0.0004046915725186562,0.0008205367596403335
2024-08-22,-0.0006067143884662674,-0.0034238238133412757
2024-08-23,0.0020237897730961407,-0.0015484334227603425
2024-08-27,-0.005655382929113273,-0.0038771625741649274
2024-08-28,0.004468865602172745,-0.0008270118337985188
2024-08-29,-0.0019211573254802605,0.00881326453284692
2024-08-30,-0.0005064918892286885,-0.0019306086292837366
2024-09-02,-0.002229864308998075,0.00459416857310746
2024-09-03,0.0036570235355286584,-0.00842430297330421
2024-09-04,0.0030364153704671715,-0.01077779584558436
2024-09-05,0.0018163340775692038,-0.006772658177606861
2024-09-06,0.004633326973003227,-0.010277594570952231
2024-09-09,-0.0021054208370666627,0.011283048144281826
2024-09-10,0.0016075439521465729,0.0005923386300827893
2024-09-11,0.002808686828731366,-0.002269582286328231
2024-09-12,-0.0024007030302176657,0.01469936119519244
2024-09-13,0.0025067886596727984,0.006848087147519832
2024-09-16,0.001400269979340063,-0.005635530231877461
2024-09-17,0.0007990354086135909,0.008696559490431133
2024-09-18,-0.0038922258147900957,-0.008234088669357376
2024-09-19,0.0009017451325776804,0.01181868876038461
2024-09-20,-0.004204173925755117,-0.00704703547885388
2024-09-23,0.0013067474145882496,0.0009722543335131117
2024-09-24,0.0020078161138576966,0.0018453228873480665
2024-09-25,-0.0022042488384059755,0.002714553022463262
2024-09-26,0.00020089880310725228,0.003142112101651273
2024-09-27,0.0014054712797004765,0.003325223452424364
2024-09-30,-0.00030071135615450384,-0.005475493651479257
2024-10-01,0.0035097638164665046,0.004443216348153589
2024-10-02,-0.002498195114836177,0.004231119019064922
2024-10-03,-0.0014025911130226554,0.006798794037702338
2024-10-04,-0.0067214224368121744,0.0022351917897152074
2024-10-07,-0.003030052374234149,0.0060261090335804735
2024-10-08,0.0005065694293220346,-0.003490331283829806
2024-10-09,0.0001012160888320679,0.0038338315457986383
2024-10-10,-0.00040497836666941733,0.00334766283606891
2024-10-11,-0.0017218941347142414,0.0037122953568333728
2024-10-14,0.0,0.005103210737948283
2024-10-15,0.004464331477097572,-0.007452899797569801
2024-10-16,0.002323254275425679,0.004786875286952208
2024-10-17,-0.002821784083650636,0.0036432919259528074
2024-10-18,0.0012127250267057743,-0.00027921363025462664
2024-10-21,-0.005349675839496748,-0.004236188089153381
2024-10-22,0.0,0.0013558218046576531
2024-10-23,-0.0014208102564293723,-0.0034548086931432964
2024-10-24,0.0018293329865186614,-0.00018742924982717568
2024-10-25,-0.0007101168750198728,0.0018743525414168793
2024-10-28,-0.0031469048727532645,-0.00018711366915513672
2024-10-29,-0.0036660394350019887,-0.0024324239826607474
2024-10-30,0.004088356566087192,-0.0006564718084096643
2024-10-31,0.00020358160264288827,-0.005724472092669797
2024-11-01,-0.002849562318538279,4.723894942326723e-05
2024-11-04,0.0020412182346640773,-0.002689925713659558
2024-11-05,-0.0028518842104762188,0.002176690393592251
2024-11-06,-0.0025536468724568495,0.020302156441345254
2024-11-07,0.0032770646079216537,0.005182683199273841
2024-11-08,0.005409741174775773,0.0029003759190016076
2024-11-11,-0.002131925601422391,0.0058755168698234606
2024-11-12,-0.0018313023038027954,0.001506032749260866
2024-11-13,-0.0005096673751404657,0.0017314721607082362
2024-11-14,0.00030589391780022623,0.00045490391939950747
2024-11-15,-0.002242744166266797,-0.007411194848368385
2024-11-18,-0.0025544295339383627,0.003985201788709425
2024-11-19,0.007375484597360371,-0.002691759784142933
2024-11-20,0.0032540712081905454,-0.002561929776145999
2024-11-21,-0.004662521134564446,0.012337816861214934
2024-11-22,0.0010184005795201845,0.009514260404895225
2024-11-25,0.004170836257107791,0.0025132246343448905
2024-11-26,-0.0012157511223540585,8.955288685941198e-05
2024-11-27,0.00324589750308113,-0.00944500063071041
2024-11-28,0.0023252907580739723,0.0023952490329202103
2024-11-29,0.002118162852722927,0.0026145267399684258
2024-12-02,0.0014091494949604044,0.007014507476964749
2024-12-03,0.0013067700860893705,0.0006251773232750502
2024-12-04,-0.0008031226280588166,0.0
2024-12-05,0.0010046140736397202,8.905707698581011e-05
2024-12-06,-0.0016056925229790409,0.0009816905522739283
2024-12-09,0.0026134948291764992,-0.003075695348468077
2024-12-10,-0.0038098785645812594,-0.003264004483497396
2024-12-11,0.0015096895368684748,0.003992455062481026
2024-12-12,-0.0013064304297913942,0.002213686017442429
2024-12-13,-0.0034211870065595784,0.0008050066884088825
2024-12-16,-0.001413560115023027,-0.0028599514227158895
2024-12-17,-0.0006067464321529714,-0.0055122306066807125
2024-12-18,-0.00010113417407375813,0.0011266689079949543
2024-12-19,-0.004958011906849302,-0.01260363979609147
2024-12-20,0.00040674917204430727,0.003099887054655248
2024-12-23,0.0004065837944227102,0.0015452241420006452
2024-12-24,-0.001219177885107059,0.0047191474163192915
2024-12-27,-0.0017295040686793328,-0.00316145822873104
2024-12-30,0.001324802804448133,-0.004575830938761016
2024-12-31,0.002035401656098834,0.0028218151352479293
2025-01-02,-0.0027421718669724537,0.009667372321296552
2025-01-03,0.0,-0.001123813692236797
2025-01-06,-0.0023424194784534835,0.006795373924420867
2025-01-07,-0.0032666940968230085,-0.006794249419320275
2025-01-08,-0.0006144194798097802,0.0047704482823951455
2025-01-09,0.0006147972231997922,0.0039415664884816515
2025-01-10,-0.0047111503338975735,-0.007852113946660078
2025-01-13,-0.0010290109413043647,-0.001304120713487844
2025-01-14,-0.0006180425373156773,0.004007330528618347
2025-01-15,0.006699640904990645,0.01399236365761447
2025-01-16,0.002764430131724227,0.0036267112125834
2025-01-17,0.0013272946532392194,0.011193423977784889
2025-01-20,0.0021413513544943363,-0.0032250362208842143
2025-01-21,0.00020357662479297822,-0.00034976414122911414
2025-01-22,-0.0008139071686432686,0.007785127525605562
2025-01-23,-0.0019344580006990242,-0.0004773691131760849
2025-01-24,0.00030606561937562837,-0.006209031449355473
2025-01-27,0.004079105931165117,-0.016515158510508776
2025-01-28,-0.00010160222906119287,0.008440676787760282
2025-01-29,0.00010161255312302053,0.00299555594811296
2025-01-30,0.0014218870480167123,0.0024596687617031154
2025-01-31,0.0013184878151852875,0.008675054129562598
2025-02-03,0.0017218941347143524,-0.01602813533416092
2025-02-04,-0.0003032958249499229,0.003134192008829473
2025-02-05,0.004551359520475362,-0.0024643631487499817
2025-02-06,-0.0008054714724614609,0.012969834821127124
2025-02-07,-0.004030681024748239,-0.0027000982019521613
2025-02-10,0.003035264232002177,0.005851436795977438
2025-02-11,-0.0010086673593389106,-0.001996915362431406
2025-02-12,-0.004846569104665632,-0.004263141569138651
2025-02-13,0.004667174447128719,0.001485413280843062
2025-02-14,0.0030297467236555242,-0.0010469797877477038
2025-02-17,-0.0026177822854999144,0.003144095986811868
2025-02-18,-0.002422756666869086,-0.0010447921764019652
2025-02-19,-0.0019227125924198285,0.0011330532378375224
2025-02-20,0.0021291155385856353,-0.007443209462389633
2025-02-21,0.002327015261038401,-0.0009209175554215632
2025-02-24,0.0019178607971761519,-0.009700685377171725
2025-02-25,0.004231281362745198,-0.012011887648766484
2025-02-26,0.00040135802909935236,0.010677504793282333
2025-02-27,0.0005013619360370036,-0.0036399121226914355
2025-02-28,0.0021048643947807477,-0.010157775133158964
2025-03-03,-0.0005001346987605348,0.0030606117876128547
2025-03-04,0.001100800952944958,-0.029480413124304827
2025-03-05,-0.007297143451728827,4.627787283695284e-05
2025-03-06,-0.003624986743680725,0.005501654357393804
2025-03-07,0.0019201866349627394,-0.016874381928448035
2025-03-10,0.000605200415603413,-0.007857102276679906
2025-03-11,-0.0021169588721116073,-0.014660166391577523
2025-03-12,-0.0016163133210692626,0.00645849654881947
2025-03-13,0.0007083206063831504,-0.007938072122512407
2025-03-14,0.0006066690410264641,0.01595514578414514
2025-03-17,0.0031325176149492595,0.003678662791241516
2025-03-18,-0.0018132236953802838,-0.0024434289518482366
2025-03-19,0.0007064620733139293,0.006406019131279583
2025-03-20,0.003126276741178824,-0.000863778297242157
2025-03-21,-0.00010057057449652795,0.0002821265124379746
2025-03-24,-0.00211134797979029,0.012686670158330804
2025-03-25,-0.000503813264116193,-0.0012992043555589694
2025-03-26,0.00040322291306105207,-0.0013938052684647761
2025-03-27,-0.0004030603898764751,-0.007490440002370868
2025-03-28,0.000201611456530415,-0.016594039647562453
2025-03-31,0.0037290215538063887,-0.008151013961462894
2025-04-01,0.0025103127796077818,0.012735512430639195
2025-04-02,-0.000801199675963038,0.0004270832325716789
2025-04-03,0.005914113050300651,-0.041362288563919436
2025-04-04,0.0029895915747761848,-0.03651650042671439
2025-04-07,-0.006458014464924222,-0.02280204433106081
2025-04-08,-0.003500013088309939,0.028799630573155266
2025-04-09,-0.009934738757632289,-0.03192688164612534
2025-04-10,0.005574621982801897,0.03424629237119814
2025-04-11,-0.004737430429646805,-0.002142891753554088
2025-04-14,0.006481700322150896,0.02065653864742334
2025-04-15,-0.00140872406152448,-0.0005009046453935406
2025-04-16,0.0034260904399334713,-0.005814025037040982
2025-04-17,0.0016066598714963298,-0.009881028591705476
2025-04-22,-0.0018046793200647837,-0.006160827362772903
2025-04-23,0.0011048919297762527,0.02699936224969135
2025-04-24,0.0032105719107671238,0.005287801995037755
2025-04-25,-0.0005000081523068856,0.003969761945321393
2025-04-28,0.0028016608391274733,-0.0031633132599873104
2025-04-29,0.0013969167326581822,0.005057576912848916
2025-04-30,0.002989293576145746,0.002565354526388397
2025-05-01,-0.0020863298630616756,0.02135613075461862
2025-05-02,-0.004280744285648286,0.007901330094432835
2025-05-06,-0.0008997753699080402,-0.007456941494318858
2025-05-07,0.002701910271088792,-0.0034675853468507656
2025-05-08,-0.0011975961911583344,0.011598713398452531
2025-05-09,-0.0016985906362916303,-0.0007643079405545983
2025-05-12,-0.0031028849636598466,0.025530577761147644
2025-05-13,-0.0012047338192997525,0.005314689181178389
2025-05-14,-0.0012063408333330417,-0.0007419075502985706
2025-05-15,0.0024154416327202277,0.002598819347834791
2025-05-16,0.002208896402497551,0.004999032516799451
2025-05-19,-0.0016028736402047272,-0.0034081461649322353
2025-05-20,-0.00040136174220795073,0.0015713044424658928
2025-05-21,-0.003011498567817128,-0.005121868110898542
2025-05-22,0.0018086888115835809,-0.01099200103824205
2025-05-23,0.003024834148363631,-0.010504692332476195
2025-05-27,0.0035182796774273495,0.013744026436494972
2025-05-28,-0.0010016875917755463,0.0014961020344042009
2025-05-29,0.005113752027167573,-0.0006535443100663674
2025-05-30,-0.0004987572169666832,-0.0001400852702357902
2025-06-02,-0.0020960083776370153,-0.0038776302764518267
2025-06-03,0.0024004586488433066,0.00909859606823793
2025-06-04,0.0017960517160580114,0.0022308314077981173
2025-06-05,-0.0017928316976109082,0.0008347892194817685
2025-06-06,-0.0014967224511260868,0.004077445782349809
2025-06-09,-0.0002997779493191244,0.0005537800925070613
2025-06-10,0.0009995848981001476,0.0038742439060035494
2025-06-11,0.0021969365093272852,0.0036753946292156225
2025-06-12,0.0023913696922075456,-0.004440213515358504
2025-06-13,-0.0021868908950303245,-0.005471462501996038
2025-06-16,0.0013946940972213717,0.00582519392087133
2025-06-17,-0.0017906915159869863,-0.001470791156599316
2025-06-18,0.0027905762299262893,0.0021174164917081573
2025-06-19,-0.0009938988350804978,-0.010657921225485367
2025-06-20,0.00019900789026050525,0.004670702328998688
2025-06-23,0.0029838414524716583,-0.0018596524081421206
2025-06-24,0.0,0.007824906168477863
2025-06-25,-0.0007932785062002567,-9.243967601701986e-05
2025-06-26,0.0011909003041232769,-0.0010168594906223571
2025-06-27,-0.0007929639555719348,0.010178590350996108
2025-06-30,0.001785717259188635,0.0008244184794885534
2025-07-01,0.0011883057357737759,0.0009152737760258489
2025-07-02,-0.0018792761115654644,0.009692721436675766
2025-07-03,0.0007927281613031578,0.005252736004190739
2025-07-04,-9.896531386621721e-05,-0.00477486041832742
2025-07-07,-0.0029709154464711007,-0.0002715259529272318
2025-07-08,-0.0018871915060619804,0.002761726932077657
2025-07-09,0.001492701055504586,0.001986476683295102
2025-07-10,0.0,0.00635336398975106
2025-07-11,-0.0016891710053289488,-0.00017904918353917054
2025-07-14,-0.0011944137068180538,0.004970896719272755
2025-07-15,-0.0011957660090891054,0.003520335043029288
2025-07-16,0.0008978981829437238,-0.010834858756931243
2025-07-17,0.0020932923157044314,0.013736819574714731
2025-07-18,0.0002984062435207324,-0.00017715079659053057
2025-07-21,0.003281641199945451,0.0014173214962580616
2025-07-22,0.0017841243558798237,-0.004865138678993075
2025-07-23,-0.002077758831569576,0.004133323299593261
2025-07-24,-0.0017846550077981194,0.0076572606387532716
2025-07-25,0.00029796165282025555,0.005534542544570753
2025-07-28,0.0006950620143040265,0.00026212778558543093
2025-07-29,0.001984566184354941,0.0017032165021741985
2025-07-30,-0.0003961270964306651,0.003444209764909889
2025-07-31,0.0012878665571007808,0.0026937271932254703
2025-08-01,0.0031661194794740943,-0.021059031219111124
2025-08-04,0.003057476678764104,0.011065869845399368
2025-08-05,-0.0001966238315285196,-0.0017511422377497476
2025-08-06,-0.001081831333806238,0.0032453331421382625
2025-08-07,0.001378353746865013,-0.002579090763474401
2025-08-08,-0.002556308510184291,0.002191309212897341
2025-08-11,0.00019718356887810096,0.003279877510424134
2025-08-12,-0.0016753539657061722,-0.0002614895833068509
2025-08-13,0.003948606953940503,0.0006975994894131698
2025-08-14,-0.0027531837531851178,8.701374382424909e-05
2025-08-15,-0.0014790132970524672,0.0005228395551328813
2025-08-18,-0.0014811286803241286,0.00283026687111243
2025-08-19,0.0018789043399045635,0.0014328350170826898
2025-08-20,0.0011845104083891833,-0.003468573581228651
2025-08-21,-0.0027605124564176187,0.002697544419083986
2025-08-22,0.004547692313726426,0.0059879856616595895
2025-08-26,-0.0016730456443673214,-0.003881997447889085
2025-08-27,0.00029572928405841026,0.003464200700298292
2025-08-28,0.002266637673915106,-0.0011651215508139412
2025-08-29,-0.0014748662830413872,-0.004277095689346977
2025-09-01,-0.0007878072737615982,0.00034713811201481093
2025-09-02,-0.00177392631329798,-0.001734888503269305
2025-09-03,0.0027643279372697727,0.0028676042555393355
2025-09-04,0.002264481221075698,0.005632019532403776
2025-09-05,0.004813338399610956,-0.004825067495393132
2025-09-08,0.000879815593754385,0.006147166228338108
2025-09-09,-0.000976738394254606,8.612618741365985e-05
2025-09-10,0.0009776933448824021,0.0043882268508419475
2025-09-11,0.0022465653751120307,0.0062536801390027374
2025-09-12,-0.002241529632252881,8.520963890923383e-05
2025-09-15,0.0018558551133376344,0.0019578252145071584
2025-09-16,-0.0008774138457481317,-0.004078071036403008
2025-09-17,0.001658842343644551,0.0002558903731069151
2025-09-18,-0.0030200212701422258,0.01173200730318591
2025-09-19,-0.000781651402410044,0.0029583394477439295
2025-09-22,9.773622752939914e-05,0.002022577361713296
2025-09-23,-0.0012711181938498406,0.0031118246891683743
2025-09-24,0.0018602158071434616,-0.0010899381927641505
2025-09-25,-0.002540820205004235,0.000671497645999608
2025-09-26,0.0011756906724877947,-0.0027680449595737233
2025-09-29,0.0020549865882728557,0.004752348181795041
2025-09-30,0.000390633934875817,-0.0017161311457424278
2025-10-01,0.0001952034614391973,0.0036897339391073203
2025-10-02,0.001756786129066601,0.006934510273915784
2025-10-03,-0.0005845436374759538,0.003153075789164461
2025-10-06,-0.0014622881965429269,0.0005789674497964636
2025-10-07,0.001659652137448342,-0.0019839549729800954
2025-10-08,0.0019493623841249086,0.005880888639999915
2025-10-09,-0.00350195135860365,0.00279970418885922
2025-10-10,0.0066380348396100075,-0.018558086005228236
2025-10-13,-0.002133448553563122,0.006358785855035132
2025-10-14,0.0010690049438326632,-0.0009976044763960745
2025-10-15,0.001456184086672696,0.003994657565969062
2025-10-16,0.0017447912891783712,-0.0002486727354489293
2025-10-17,0.0009677386013120515,-0.008705774082477857
2025-10-20,-0.0007734128883070124,0.015222442700311367
2025-10-21,0.0011610172781868489,0.0015653678399998316
2025-10-22,0.0008696978640423403,-0.0037015562719040496
2025-10-23,0.00048279474659795873,0.008091137783188485
2025-10-27,-0.0017371192858969264,0.015561057613999951
2025-10-28,0.0005800227878738351,0.007016100589933627
2025-10-29,0.0,0.006006283621204922
2025-10-30,-0.0017391333833408629,-0.00063685899267929
2025-10-31,-0.0029036300101038526,-0.0031862632261723256
2025-11-03,-0.0009706705239717062,0.0005593508642687262
2025-11-04,0.0007773205643024639,0.0008785409495151164
2025-11-05,-0.002135934181583754,0.0003989973755478271
2025-11-06,0.0019459484336654675,-0.013081247049699152
2025-11-07,0.002718962615745779,-0.013901283201083303
2025-11-10,-0.0032926976588339985,0.01860504132191476
2025-11-11,0.0023319616929071696,0.006034735933875934
2025-11-12,0.002132547339074975,0.0075982276781743074
2025-11-13,-0.0015476498062061417,-0.013017967639072703
2025-11-14,-0.002712640728400939,-0.0007238188676067514
2025-11-17,-0.00019432943449093631,-0.00740441729189556
2025-11-18,-0.00038866028215123194,-0.012486814969629001
2025-11-19,0.0005832541756438658,0.004023281607462126
2025-11-20,-0.0007771695080367458,0.0036801263660715122
2025-11-21,0.0020416010424515463,-0.013607133024555962
2025-11-24,-0.0004851368187238636,0.01362961351693226
2025-11-25,0.0027179811475004367,-0.0002444778663314162
2025-11-26,0.0015488482864292052,0.01027064371369768
2025-11-27,0.0005799106816612998,-0.002097801332500704
2025-11-28,-0.0021251313605343825,0.0040426950987064725
2025-12-01,-0.002904192089979829,-0.000483167636669779
2025-12-02,0.0009708589720494043,0.0008862560922398011
2025-12-03,0.0012609591148067256,-0.006198237745665192
2025-12-04,-0.001453080703293752,0.001133986637943174
2025-12-05,-0.000485089744563294,0.004368914450917583
2025-12-08,-0.004173544698344522,-0.0020944216975797847
2025-12-09,0.00204677473290249,0.0019374127861457868
2025-12-10,0.00038907612564176297,-0.0022559133849647806
2025-12-11,0.0016528747833486346,-0.001615001195782062
2025-12-12,-0.003688577614058275,-0.002749887472239587
2025-12-15,0.001753705244019521,0.001459848123396057
2025-12-16,0.0017506351459835034,-0.009718195816924902
2025-12-17,-0.0006796086876137419,-0.002862230081705719
2025-12-18,0.00242883512347003,0.010266202926924484
2025-12-19,-0.0015507236057000773,0.004154126823944004
